Ticker,Company_Name,Composite_Score,Rating,FCF_Yield,Momentum_12_1,Return_12M,Return_1M,Momentum_Status,Stability_Score,Asset_Growth,Max_Drawdown,Current_Drawdown,Margin_Score,Margin_Sentiment,Health_Score,CCR_TTM,FCF_Status,Sloan_Ratio,Sloan_Status,Inv_Risk,Health_Rating,Current_Price,Decision,Market_Regime,RS_Ratio,RS_Status,PE,PE_Percentile,PB,PB_Percentile,Score,Result_Tag,Latest_GPM,GPM_Inflection,Latest_OPM,OPM_Inflection,Operating_Leverage,Rev_YoY,Rev_Acceleration,Rev_New_High,Forensic_Score,Forensic_Verdict,F_Score,Hollow_Ratio,ROIC,Quality_Warning,Gem_Score,Gem_Type,Rev_Acc,Chip_Trend,QFII_Net_4W,Fund_Net_4W,RS,PSR,PSR_Percentile,Momentum_Cross_Score,Quality_Cross_Score,Structural_Cross_Score,Valuation_Cross_Score,Chip_Cross_Score,Risk_Penalty,Cross_Composite_Score,Hidden_Gem_Bonus
2607.TW,榮運,64,✅ B級：穩健持有,0.04,92.95,90.19,-2.77,🚀 極強動能 (>30%),,-2.44,-24.43,-5.23,65,融資大減✅,65.0,0.81,✅ 正流入,0.0521,⚡ 留意,✅ 健康 (穩定),⚠️ C級：警示,32.0,🔥 Strong Buy,Bull,1.034,➡️ 持平,9.41,0.1,1.01,27.4,50.0,✅ B級：趨勢改善,22.64,False,13.7,False,1.48,-12.79,0.0,False,80.0,⭐ AA：財務健康,4.0,,0.0,False,,,,,,,,,,69.33333333333334,60.0,47.05882352941176,83.0,57.0,0.0,63.36176470588235,0
1802.TW,台玻,60,✅ B級：穩健持有,0.01,172.59,221.95,49.36,🚀 極強動能 (>30%),,-4.43,-42.18,-2.22,60,融券增加,70.0,,✅ 正流入,-0.0443,🏆 優秀 (現金流強勁),✅ 健康 (穩定),✅ B級：正常,18.1,🔥 Strong Buy,Bull,1.136,🚀 極強 (Bull),67.93,0.0,3.43,97.1,88.0,⭐ A級：持續性擴張,10.88,False,-0.47,False,0.9,4.83,0.0,True,65.0,⚠️ B：需留意,3.0,,0.0,False,,,,,,,,,,86.66666666666667,60.0,58.82352941176471,73.0,57.0,-5.0,64.41470588235295,0
2474.TW,可成,60,✅ B級：穩健持有,0.01,5.81,4.85,-0.96,✅ 正向 (5-15%),,-8.44,-27.81,-15.95,75,融資大減✅ / 融券大增🎯,60.0,0.13,✅ 正流入,0.0463,✅ 健康,✅ 健康 (穩定),⚠️ C級：警示,196.0,➡️ Hold,Bull,0.681,⚠️ 弱勢,15.03,63.0,0.88,13.2,73.0,🔥 S級：結構性拐點,31.23,True,17.53,True,-0.34,6.97,0.0,True,85.0,⭐ AA：財務健康,4.0,,0.0,False,,,,,,,,,,20.0,65.0,88.23529411764706,73.0,60.0,0.0,56.84705882352941,0
3532.TW,台勝科,60,✅ B級：穩健持有,0.01,49.04,61.64,12.61,🚀 極強動能 (>30%),,-0.13,-66.16,-27.57,75,融資大減✅ / 融券大增🎯,90.0,1.03,✅ 正流入,-0.0057,🏆 優秀 (現金流強勁),✅ 健康 (穩定),🏆 S級：優質生,156.5,⚠️ Hold (Caution),Bull,1.063,✅ 強勢 (Bull),73.63,83.4,2.13,45.5,93.0,🏆 SSS級：雙拐點確認,15.86,True,7.69,True,0.93,0.93,0.0,True,85.0,⭐ AA：財務健康,4.0,,0.0,False,,,,,,,,,,73.33333333333333,70.0,100.0,60.0,60.0,-15.0,59.5,0
2884.TW,玉山金,59,✅ B級：穩健持有,0.03,16.6,18.71,2.11,🔥 強勢 (15-30%),,9.37,-16.75,-3.82,60,融資大減✅ / 融券大減,,,,,,,,,,,,,,,,,,,,,,,,,,,,,,,,,65.0,💎 A級：籌碼卡位型,0.33,📈 外資買超,51650.0,-22611.0,-51.81,6.44,54.8,46.666666666666664,65.0,35.294117647058826,61.0,72.0,0.0,58.65882352941177,5
2449.TW,京元電子,58,✅ B級：穩健持有,0.02,180.68,185.93,5.25,🚀 極強動能 (>30%),,5.81,-48.53,-9.81,65,融資大減✅,85.0,1.99,✅ 正流入,-0.0444,🏆 優秀 (現金流強勁),✅ 健康 (穩定),⭐ A級：質優生,85.4,⚠️ Hold (Caution),Bull,1.339,🚀 極強 (Bull),31.77,86.1,7.28,88.0,53.0,✅ B級：趨勢改善,35.12,False,24.8,False,2.9,7.18,0.0,True,85.0,⭐ AA：財務健康,6.0,,0.0,False,,,,,,,,,,86.66666666666667,85.0,58.82352941176471,43.0,57.0,-5.0,66.16470588235295,0
2492.TW,華新科,57,✅ B級：穩健持有,0.04,40.44,35.14,-5.3,🚀 極強動能 (>30%),,-1.51,-48.05,-20.63,45,融券大減,90.0,1.62,✅ 正流入,-0.0357,🏆 優秀 (現金流強勁),✅ 健康 (穩定),🏆 S級：優質生,111.5,✅ Hold,Bull,1.03,➡️ 持平,25.83,54.1,1.28,21.8,53.0,✅ B級：趨勢改善,16.96,False,5.59,False,7.33,7.71,0.0,True,85.0,⭐ AA：財務健康,4.0,,0.0,False,,,,,,,,,,60.0,70.0,58.82352941176471,68.0,50.0,-5.0,57.464705882352945,0
2890.TW,永豐金,57,✅ B級：穩健持有,0.06,29.7,31.25,1.55,🔥 強勢 (15-30%),,4.85,-29.91,0.0,60,融資大減✅ / 融券大減,,,,,,,,,,,,,,,,,,,,,,,,,,,,,,,,,65.0,💎 A級：籌碼卡位型,0.2,📈 外資買超,12573.0,-11764.0,-38.64,6.1,100.0,50.66666666666667,65.0,35.294117647058826,58.0,72.0,0.0,59.40882352941178,5
6239.TW,力成,57,✅ B級：穩健持有,0.04,102.08,120.81,18.73,🚀 極強動能 (>30%),,4.26,-50.75,-7.4,75,融資大減✅ / 融券大增🎯,85.0,2.22,✅ 正流入,-0.086,🏆 優秀 (現金流強勁),✅ 健康 (穩定),⭐ A級：質優生,151.0,⚠️ Hold (Caution),Bull,1.315,🚀 極強 (Bull),34.71,90.3,3.32,88.6,63.0,⭐ A級：轉型初期,16.33,True,10.16,False,-0.02,3.43,0.0,True,65.0,⚠️ B：需留意,3.0,,0.0,False,,,,,,,,,,90.66666666666666,65.0,70.58823529411765,43.0,60.0,-10.0,60.01764705882353,0
2412.TW,中華電,57,✅ B級：穩健持有,0.03,6.38,6.0,-0.38,✅ 正向 (5-15%),,0.68,-7.42,-3.99,55,融券增加,85.0,1.59,✅ 正流入,-0.0486,🏆 優秀 (現金流強勁),✅ 健康 (穩定),⭐ A級：質優生,121.0,📉 Trim,Bull,0.656,⚠️ 弱勢,26.77,78.2,2.73,70.3,85.0,⭐ A級：持續性擴張,38.07,False,21.8,False,0.98,0.0,0.0,True,85.0,⭐ AA：財務健康,6.0,,0.0,False,,,,,,,,,,20.0,85.0,58.82352941176471,53.0,55.0,0.0,52.464705882352945,0
1303.TW,南亞,57,✅ B級：穩健持有,0.01,129.12,144.26,15.15,🚀 極強動能 (>30%),,-6.88,-56.74,-8.81,60,融券大增🎯,90.0,9.59,✅ 正流入,-0.0314,🏆 優秀 (現金流強勁),✅ 健康 (穩定),🏆 S級：優質生,61.2,⚠️ Hold (Caution),Bull,1.188,🚀 極強 (Bull),116.09,90.0,1.8,87.5,53.0,✅ B級：趨勢改善,7.99,False,1.21,False,1.18,4.24,0.0,True,85.0,⭐ AA：財務健康,4.0,,0.0,False,,,,,,,,,,84.0,70.0,58.82352941176471,43.0,57.0,-10.0,56.61470588235295,0
2303.TW,聯電,57,✅ B級：穩健持有,0.05,39.69,53.37,13.68,🚀 極強動能 (>30%),,-3.29,-30.85,-19.29,45,融資大增⚠️ / 融券大增🎯,95.0,1.93,✅ 正流入,-0.0994,🏆 優秀 (現金流強勁),✅ 健康 (改善),🏆 S級：優質生,49.2,✅ Hold,Bull,1.003,➡️ 持平,19.22,69.1,2.14,72.0,53.0,✅ B級：趨勢改善,28.42,False,18.05,False,1.2,7.17,0.0,True,85.0,⭐ AA：財務健康,4.0,,0.0,False,,,,,,,,,,73.33333333333333,75.0,58.82352941176471,58.0,50.0,0.0,66.21470588235294,0
2882.TW,國泰金,56,✅ B級：穩健持有,0.01,16.04,16.56,0.53,🔥 強勢 (15-30%),,6.99,-29.39,-1.81,55,➡️ 中性,,,,,,,,,,,,,,,,,,,,,,,,,,,,,,,,,80.0,💎💎 S級：強勢潛力股,8.97,📈 外資買超,109193.0,-62973.0,-32.57,3.71,95.9,46.666666666666664,65.0,35.294117647058826,58.0,70.0,0.0,60.00882352941177,7
2880.TW,華南金,55,✅ B級：穩健持有,0.01,14.03,20.86,6.84,✅ 正向 (5-15%),,1.31,-12.5,-0.44,58,融資減少,,,,,,,,,,,,,,,,,,,,,,,,,,,,,,,,,75.0,💎 A級：籌碼卡位型,0.93,🔥 雙多 (外資+投信買超),38533.0,5285.0,-30.43,7.07,98.4,42.66666666666667,65.0,35.294117647058826,58.0,82.0,0.0,58.00882352941177,5
6213.TW,聯茂,55,✅ B級：穩健持有,0.02,63.31,65.95,2.64,🚀 極強動能 (>30%),,-4.6,-64.33,-14.96,50,➡️ 中性,90.0,1.14,✅ 正流入,-0.0071,🏆 優秀 (現金流強勁),✅ 健康 (穩定),🏆 S級：優質生,91.0,✅ Hold,Bull,0.725,⚠️ 弱勢,32.54,31.3,2.14,66.2,53.0,✅ B級：趨勢改善,14.57,False,7.26,False,1.59,7.33,0.0,True,85.0,⭐ AA：財務健康,6.0,,0.0,False,,,,,,,,,,60.0,85.0,58.82352941176471,71.0,55.0,-15.0,52.16470588235293,0
3481.TW,群創,55,✅ B級：穩健持有,0.04,64.88,63.3,-1.58,🚀 極強動能 (>30%),,-7.17,-33.93,-24.31,35,融資大增⚠️,,,,,,,,,,,,,,,,,,,,,,,,,,,,,,,,,100.0,💎💎💎 SSS級隱藏寶石,6.76,📊 投信買超,-352673.0,37278.0,27.02,0.78,60.5,62.66666666666667,65.0,35.294117647058826,61.0,52.0,0.0,66.45882352941177,10
2344.TW,華邦電,54,➡️ C級：中性觀望,0.01,633.29,629.54,-3.76,🚀 極強動能 (>30%),,-1.96,-52.24,-21.15,45,融券大減,65.0,,✅ 正流入,-0.0455,🏆 優秀 (現金流強勁),⚡ 留意 (微升),⚠️ C級：警示,26.35,⚠️ Hold (Caution),Bull,3.791,🚀 極強 (Bull),122.69,72.3,4.86,76.4,88.0,⭐ A級：持續性擴張,31.94,False,2.3,False,0.91,7.51,0.0,True,65.0,⚠️ B：需留意,3.0,,0.0,False,,,,,,,,,,86.66666666666667,60.0,58.82352941176471,53.0,50.0,-10.0,55.714705882352945,0
4958.TW,臻鼎-KY,54,➡️ C級：中性觀望,0.07,40.2,68.14,27.95,🚀 極強動能 (>30%),,5.82,-44.29,-4.52,45,融資大增⚠️ / 融券大增🎯,85.0,2.2,✅ 正流入,-0.0737,🏆 優秀 (現金流強勁),✅ 健康 (穩定),⭐ A級：質優生,99.0,⚠️ Hold (Caution),Bull,0.819,⚠️ 弱勢,24.74,93.1,1.75,82.6,83.0,⭐ A級：持續性擴張,18.55,False,6.38,False,0.15,15.52,0.0,True,85.0,⭐ AA：財務健康,5.0,,0.0,False,,,,,,,,,,69.33333333333334,85.0,52.94117647058824,43.0,50.0,-5.0,59.08823529411765,0
2606.TW,裕民,54,➡️ C級：中性觀望,0.06,8.37,9.03,0.65,✅ 正向 (5-15%),,-3.68,-37.28,-18.41,60,融券大增🎯,90.0,1.95,✅ 正流入,-0.0471,🏆 優秀 (現金流強勁),✅ 健康 (穩定),🏆 S級：優質生,49.25,📈 Accumulate,Bull,0.752,⚠️ 弱勢,16.0,27.2,1.47,72.5,88.0,⭐ A級：持續性擴張,26.36,False,21.3,False,0.98,9.98,0.0,True,65.0,⚠️ B：需留意,3.0,,0.0,False,,,,,,,,,,24.0,60.0,58.82352941176471,68.0,57.0,0.0,49.86470588235295,0
2409.TW,友達,54,➡️ C級：中性觀望,0.07,22.14,15.56,-6.59,🔥 強勢 (15-30%),,-2.63,-46.33,-21.01,45,融資大增⚠️ / 融券大增🎯,90.0,3.59,✅ 正流入,-0.0221,🏆 優秀 (現金流強勁),✅ 健康 (穩定),🏆 S級：優質生,17.85,⚠️ Hold (Caution),Bull,0.848,⚠️ 弱勢,21.08,73.5,0.8,56.3,50.0,✅ B級：趨勢改善,11.75,False,0.4,False,1.0,-0.03,0.0,False,85.0,⭐ AA：財務健康,6.0,,0.0,False,,,,,,,,,,42.66666666666667,85.0,47.05882352941176,56.0,50.0,-5.0,51.86176470588235,0
8046.TW,南電,54,➡️ C級：中性觀望,0.0,142.35,206.95,64.6,🚀 極強動能 (>30%),,-6.49,-66.77,-3.05,70,融資大減✅,90.0,3.83,✅ 正流入,-0.0159,🏆 優秀 (現金流強勁),✅ 健康 (穩定),🏆 S級：優質生,224.5,⚠️ Hold (Caution),Bull,1.548,🚀 極強 (Bull),184.27,92.1,5.78,96.5,53.0,✅ B級：趨勢改善,7.75,False,3.51,False,1.15,2.54,0.0,True,85.0,⭐ AA：財務健康,6.0,,0.0,False,,,,,,,,,,100.0,85.0,58.82352941176471,43.0,60.0,-15.0,60.464705882352945,0
2889.TW,國票金,54,➡️ C級：中性觀望,0.11,16.09,15.79,-0.3,🔥 強勢 (15-30%),,3.21,-31.49,-4.35,60,融資大減✅ / 融券大減,,,,,,,,,,,,,,,,,,,,,,,,,,,,,,,,,65.0,💎 A級：籌碼卡位型,0.14,📈 外資買超,1915.0,-141.0,-47.09,8.26,88.9,42.66666666666667,65.0,35.294117647058826,58.0,65.0,0.0,56.30882352941177,5
2301.TW,光寶科,54,➡️ C級：中性觀望,0.02,54.18,55.4,1.22,🚀 極強動能 (>30%),,3.54,-42.02,-15.13,45,融券大減,70.0,0.86,✅ 正流入,0.0241,✅ 健康,✅ 健康 (穩定),✅ B級：正常,108.5,✅ Hold,Bull,0.832,⚠️ 弱勢,26.27,62.0,4.49,75.5,88.0,⭐ A級：持續性擴張,23.34,False,9.93,False,0.58,3.9,0.0,True,85.0,⭐ AA：財務健康,4.0,,0.0,False,,,,,,,,,,66.66666666666666,65.0,58.82352941176471,58.0,50.0,-5.0,56.714705882352945,0
3044.TW,健鼎,54,➡️ C級：中性觀望,0.02,79.2,103.61,24.41,🚀 極強動能 (>30%),,7.19,-37.82,-5.28,45,融券大減,70.0,0.97,✅ 正流入,0.0193,✅ 健康,✅ 健康 (穩定),✅ B級：正常,223.0,⚠️ Hold (Caution),Bull,0.812,⚠️ 弱勢,20.8,90.9,4.19,92.0,53.0,✅ B級：趨勢改善,26.02,False,17.77,False,1.26,10.89,0.0,True,85.0,⭐ AA：財務健康,4.0,,0.0,False,,,,,,,,,,80.0,65.0,58.82352941176471,43.0,50.0,0.0,63.464705882352945,0
6505.TW,台塑化,54,➡️ C級：中性觀望,0.02,45.46,49.55,4.09,🚀 極強動能 (>30%),,-2.06,-58.34,-33.18,45,融券大減,90.0,9.8,✅ 正流入,-0.1183,🏆 優秀 (現金流強勁),✅ 健康 (穩定),🏆 S級：優質生,73.4,⚠️ Hold (Caution),Bull,0.798,⚠️ 弱勢,77.58,84.4,1.54,22.8,93.0,⭐ A級：持續性擴張,2.89,False,1.17,False,1.03,6.96,0.0,True,85.0,⭐ AA：財務健康,6.0,,0.0,False,,,,,,,,,,50.66666666666667,90.0,58.82352941176471,63.0,50.0,-15.0,48.91470588235295,0
1326.TW,台化,53,➡️ C級：中性觀望,0.04,27.19,51.03,23.85,🔥 強勢 (15-30%),,-9.34,-61.88,-30.72,58,融資減少,70.0,,✅ 正流入,-0.0708,🏆 優秀 (現金流強勁),✅ 健康 (穩定),✅ B級：正常,56.5,⚠️ Hold (Caution),Bull,0.935,⚠️ 弱勢,108.33,74.1,0.84,30.8,88.0,⭐ A級：持續性擴張,3.02,False,-1.43,False,0.93,8.21,0.0,True,65.0,⚠️ B：需留意,3.0,,0.0,False,,,,,,,,,,62.66666666666667,65.0,58.82352941176471,63.0,55.0,-20.0,41.76470588235294,0
1301.TW,台塑,53,➡️ C級：中性觀望,0.02,22.71,38.82,16.11,🔥 強勢 (15-30%),,-6.18,-57.38,-36.04,58,融資減少,70.0,,✅ 正流入,-0.0395,🏆 優秀 (現金流強勁),✅ 健康 (穩定),✅ B級：正常,72.4,🔥 Strong Buy,Bull,0.8,⚠️ 弱勢,12.41,0.0,1.03,33.6,78.0,🔥 S級：結構性拐點,3.44,True,-3.83,True,6.5,9.49,0.0,True,65.0,⚠️ B：需留意,2.0,,0.0,False,,,,,,,,,,50.66666666666667,60.0,100.0,83.0,55.0,-15.0,53.150000000000006,0
2812.TW,台中銀,53,➡️ C級：中性觀望,0.08,12.02,10.81,-1.2,✅ 正向 (5-15%),,6.28,-17.63,-14.05,45,融券大減,,,,,,,,,,,,,,,,,,,,,,,,,,,,,,,,,,,,,,,,,,26.666666666666668,65.0,35.294117647058826,61.0,50.0,0.0,45.45882352941177,0
2308.TW,台達電,53,➡️ C級：中性觀望,0.01,178.02,189.67,11.65,🚀 極強動能 (>30%),,13.02,-35.89,-10.16,58,融資減少,,,,,,,,,,,,,,,,,,,,,,,,,,,,,,,,,110.0,💎💎💎 SSS級隱藏寶石,6.31,🔥 雙多 (外資+投信買超),4160.0,1515.0,21.43,5.89,86.0,77.33333333333333,65.0,35.294117647058826,58.0,70.0,0.0,72.20882352941177,10
3045.TW,台灣大,52,➡️ C級：中性觀望,0.04,-4.8,-6.67,-1.87,➡️ 中性 (-5~5%),,-1.63,-12.93,-11.76,45,融資大增⚠️ / 融券大增🎯,,,,,,,,,,,,,,,,,,,,,,,,,,,,,,,,,,,,,,,,,,6.666666666666667,65.0,35.294117647058826,61.0,50.0,0.0,39.45882352941177,0
6770.TW,力積電,52,➡️ C級：中性觀望,0.01,209.09,236.73,27.64,🚀 極強動能 (>30%),,-6.87,-57.01,-9.64,37,融資增加 / 融券大減,75.0,,✅ 正流入,-0.0913,🏆 優秀 (現金流強勁),✅ 健康 (改善),✅ B級：正常,26.9,⚠️ Hold (Caution),Bull,2.68,🚀 極強 (Bull),,,3.21,88.6,65.0,⭐ A級：轉型初期,-6.81,False,-15.31,True,-0.12,-2.93,0.0,False,65.0,⚠️ B：需留意,2.0,,0.0,False,,,,,,,,,,100.0,65.0,52.94117647058824,58.0,50.0,-10.0,60.538235294117655,0
2633.TW,台灣高鐵,52,➡️ C級：中性觀望,0.05,3.06,0.37,-2.69,➡️ 中性 (-5~5%),,-1.91,-17.24,-11.87,45,融券大減,90.0,2.67,✅ 正流入,-0.0356,🏆 優秀 (現金流強勁),✅ 健康 (穩定),🏆 S級：優質生,29.35,➡️ Hold,Bull,0.648,⚠️ 弱勢,23.98,69.1,2.14,34.1,98.0,🏆 SSS級：雙拐點確認,43.27,True,39.53,True,1.09,2.19,0.0,True,85.0,⭐ AA：財務健康,4.0,,0.0,False,,,,,,,,,,13.333333333333334,70.0,100.0,68.0,50.0,0.0,56.7,0
2885.TW,元大金,52,➡️ C級：中性觀望,-0.01,17.57,23.91,6.34,🔥 強勢 (15-30%),,8.77,-26.61,-0.7,60,融資大減✅ / 融券大減,,,,,,,,,,,,,,,,,,,,,,,,,,,,,,,,,55.0,⭐ B級：觀察名單,1.21,⚠️ 雙空 (外資+投信賣超),-48954.0,-11860.0,-18.06,4.73,97.9,49.333333333333336,65.0,35.294117647058826,58.0,47.0,0.0,51.50882352941177,0
4904.TW,遠傳,52,➡️ C級：中性觀望,0.04,-0.91,1.11,2.02,➡️ 中性 (-5~5%),,-3.17,-13.87,-4.61,45,融券大減,,,,,,,,,,,,,,,,,,,,,,,,,,,,,,,,,65.0,💎 A級：籌碼卡位型,0.35,📈 外資買超,3973.0,-11215.0,-42.27,3.08,42.9,10.666666666666668,65.0,35.294117647058826,65.0,58.0,0.0,47.05882352941177,5
2313.TW,華通,52,➡️ C級：中性觀望,0.02,103.02,162.3,59.28,🚀 極強動能 (>30%),,2.52,-51.11,-8.33,50,➡️ 中性,85.0,1.48,✅ 正流入,-0.0323,🏆 優秀 (現金流強勁),✅ 健康 (穩定),⭐ A級：質優生,71.0,⚠️ Hold (Caution),Bull,1.508,🚀 極強 (Bull),35.2,89.0,4.74,89.2,93.0,⭐ A級：持續性擴張,18.54,False,10.63,False,1.4,8.18,0.0,True,85.0,⭐ AA：財務健康,6.0,,0.0,False,,,,,,,,,,100.0,85.0,58.82352941176471,43.0,55.0,-10.0,64.96470588235294,0
2809.TW,京城銀,52,➡️ C級：中性觀望,0.04,7.98,10.33,2.35,✅ 正向 (5-15%),,-5.05,-34.41,-16.76,50,無籌碼資料,,,,,,,,,,,,,,,,,,,,,,,,,,,,,,,,,70.0,💎 A級：潛力關注,7.08,➡️ N/A (無籌碼資料),,,-32.79,7.16,85.6,30.666666666666664,65.0,35.294117647058826,58.0,55.0,0.0,51.70882352941176,5
1795.TW,美時,52,➡️ C級：中性觀望,0.03,10.84,35.4,24.56,✅ 正向 (5-15%),,6.35,-48.54,-3.58,68,融資減少 / 融券大增🎯,85.0,1.12,✅ 正流入,-0.045,🏆 優秀 (現金流強勁),✅ 健康 (穩定),⭐ A級：質優生,273.0,📉 Trim,Bull,1.134,🚀 極強 (Bull),19.44,79.7,4.15,64.5,73.0,🔥 S級：結構性拐點,59.26,True,30.96,True,-1.71,8.88,0.0,True,85.0,⭐ AA：財務健康,5.0,,0.0,False,,,,,,,,,,60.0,80.0,88.23529411764706,56.0,57.0,-5.0,64.74705882352941,0
2707.TW,晶華,52,➡️ C級：中性觀望,0.05,-3.35,-2.82,0.53,➡️ 中性 (-5~5%),,-9.77,-28.82,-25.69,58,融資減少,90.0,1.85,✅ 正流入,-0.1351,🏆 優秀 (現金流強勁),✅ 健康 (穩定),🏆 S級：優質生,207.5,📈 Accumulate,Bull,0.659,⚠️ 弱勢,17.07,4.3,6.63,36.0,73.0,🔥 S級：結構性拐點,31.93,True,24.27,True,-4.33,10.58,0.0,True,85.0,⭐ AA：財務健康,5.0,,0.0,False,,,,,,,,,,4.0,85.0,88.23529411764706,80.0,55.0,0.0,57.59705882352941,0
3711.TW,日月光投控,52,➡️ C級：中性觀望,0.03,77.04,80.32,3.27,🚀 極強動能 (>30%),,17.9,-40.57,-9.55,50,➡️ 中性,80.0,2.35,✅ 正流入,-0.0738,🏆 優秀 (現金流強勁),✅ 健康 (穩定),⭐ A級：質優生,135.5,⚠️ Hold (Caution),Bull,1.277,🚀 極強 (Bull),35.11,84.2,3.91,85.3,58.0,✅ B級：趨勢改善,17.0,False,7.07,False,-7.75,7.82,0.0,True,85.0,⭐ AA：財務健康,4.0,,0.0,False,,,,,,,,,,80.0,75.0,47.05882352941176,53.0,55.0,-5.0,60.61176470588235,0
2637.TW,慧洋-KY,51,➡️ C級：中性觀望,0.06,12.08,12.52,0.44,✅ 正向 (5-15%),,-12.31,-40.92,-20.0,45,融券大減,90.0,1.85,✅ 正流入,-0.0445,🏆 優秀 (現金流強勁),✅ 健康 (穩定),🏆 S級：優質生,52.4,➡️ Hold,Bull,0.744,⚠️ 弱勢,16.67,47.9,1.14,80.7,93.0,⭐ A級：持續性擴張,19.5,False,18.4,False,1.06,5.04,0.0,True,85.0,⭐ AA：財務健康,4.0,,0.0,False,,,,,,,,,,24.0,70.0,58.82352941176471,63.0,50.0,-5.0,45.91470588235295,0
2330.TW,台積電,51,➡️ C級：中性觀望,0.02,55.81,61.19,5.37,🚀 極強動能 (>30%),,19.28,-30.84,-3.02,45,融券大減,85.0,1.23,✅ 正流入,-0.0369,🏆 優秀 (現金流強勁),✅ 健康 (改善),⭐ A級：質優生,697.0,⚠️ Hold (Caution),Bull,1.0,⚠️ 弱勢,28.84,75.3,9.16,94.7,58.0,✅ B級：趨勢改善,58.97,False,49.63,False,0.0,9.07,0.0,True,85.0,⭐ AA：財務健康,6.0,,0.0,False,,,,,,,,,,69.33333333333334,85.0,47.05882352941176,53.0,50.0,0.0,64.41176470588235,0
3037.TW,欣興,51,➡️ C級：中性觀望,0.01,139.1,200.82,61.73,🚀 極強動能 (>30%),,4.13,-67.33,-5.8,45,融資大增⚠️ / 融券大增🎯,85.0,2.16,✅ 正流入,-0.0401,🏆 優秀 (現金流強勁),✅ 健康 (穩定),⭐ A級：質優生,180.5,⚠️ Hold (Caution),Bull,1.763,🚀 極強 (Bull),174.88,93.6,6.07,93.6,63.0,⭐ A級：轉型初期,13.28,True,4.46,False,-0.95,5.12,0.0,True,65.0,⚠️ B：需留意,3.0,,0.0,False,,,,,,,,,,100.0,60.0,70.58823529411765,43.0,50.0,-15.0,55.567647058823525,0
3443.TW,創意,51,➡️ C級：中性觀望,0.0,83.97,77.95,-6.02,🚀 極強動能 (>30%),,8.11,-49.23,-14.13,58,融資減少,20.0,0.47,⚠️ 負流出 (擴產),0.1964,⚠️ 高風險 (財務虛胖),⚡ 留意 (微升),🛑 D級：高風險 (財務虛胖),1460.0,✅ Hold,Bull,1.293,🚀 極強 (Bull),83.19,69.1,24.28,67.2,93.0,🏆 SSS級：雙拐點確認,24.76,True,12.74,True,0.91,10.29,0.0,True,45.0,⚠️ C：財務風險,3.0,,0.0,False,,,,,,,,,,76.0,5.0,100.0,61.0,55.0,-5.0,53.699999999999996,0
2241.TW,原相,50,➡️ C級：中性觀望,-0.0,16.27,3.59,-12.68,🔥 強勢 (15-30%),,-12.77,-60.98,-44.1,65,融資大減✅,75.0,,✅ 正流入,-0.0683,🏆 優秀 (現金流強勁),✅ 健康 (改善),✅ B級：正常,32.2,✅ Hold,Bull,0.794,⚠️ 弱勢,,,2.36,39.3,93.0,⭐ A級：持續性擴張,-2.34,False,-24.54,False,1.35,0.5,0.0,True,85.0,⭐ AA：財務健康,4.0,,0.0,False,,,,,,,,,,26.666666666666668,75.0,58.82352941176471,65.0,57.0,-25.0,28.964705882352945,0
2337.TW,旺宏,50,➡️ C級：中性觀望,0.0,322.53,375.14,52.6,🚀 極強動能 (>30%),,-3.3,-42.69,-5.28,35,融資大增⚠️,80.0,,✅ 正流入,-0.1104,🏆 優秀 (現金流強勁),🏆 優秀 (大幅改善),⭐ A級：質優生,28.55,⚠️ Hold (Caution),Bull,3.001,🚀 極強 (Bull),,,3.85,93.7,70.0,🔥 S級：結構性拐點,15.43,True,-15.63,False,-1.09,-0.09,0.0,False,65.0,⚠️ B：需留意,2.0,,0.0,False,,,,,,,,,,100.0,65.0,58.82352941176471,58.0,50.0,-5.0,66.71470588235294,0
1605.TW,華新,50,➡️ C級：中性觀望,0.01,63.49,54.91,-8.58,🚀 極強動能 (>30%),,9.34,-55.94,-18.17,40,融資大增⚠️ / 融券增加,85.0,3.48,✅ 正流入,-0.0314,🏆 優秀 (現金流強勁),✅ 健康 (穩定),⭐ A級：質優生,35.3,✅ Hold,Bull,1.049,➡️ 持平,100.69,56.8,1.03,68.9,95.0,🏆 SSS級：雙拐點確認,6.83,True,0.61,True,1.05,0.0,0.0,True,85.0,⭐ AA：財務健康,4.0,,0.0,False,,,,,,,,,,69.33333333333334,70.0,100.0,61.0,50.0,-10.0,62.45,0
2891.TW,中信金,50,➡️ C級：中性觀望,-0.01,28.31,33.08,4.76,🔥 強勢 (15-30%),,3.93,-21.54,-0.58,50,➡️ 中性,,,,,,,,,,,,,,,,,,,,,,,,,,,,,,,,,65.0,💎 A級：籌碼卡位型,3.88,📈 外資買超,73923.0,-70335.0,-30.54,4.58,24.1,50.66666666666667,65.0,35.294117647058826,68.0,70.0,0.0,60.708823529411774,5
2002.TW,中鋼,50,➡️ C級：中性觀望,0.06,-0.82,6.89,7.71,➡️ 中性 (-5~5%),,-3.28,-32.25,-19.58,60,融券大增🎯,90.0,43.59,✅ 正流入,-0.0882,🏆 優秀 (現金流強勁),✅ 健康 (穩定),🏆 S級：優質生,24.6,📉 Trim,Bull,0.703,⚠️ 弱勢,192.0,96.8,1.1,51.3,93.0,🏆 SSS級：雙拐點確認,2.23,True,-1.76,True,0.85,0.29,0.0,True,65.0,⚠️ B：需留意,2.0,,0.0,False,,,,,,,,,,6.666666666666667,65.0,100.0,46.0,57.0,0.0,50.85,0
2408.TW,南亞科,49,➡️ C級：中性觀望,-0.0,895.07,909.17,14.11,🚀 極強動能 (>30%),,-0.53,-65.91,-15.77,45,融券大減,80.0,,✅ 正流入,-0.0507,🏆 優秀 (現金流強勁),🏆 優秀 (大幅改善),⭐ A級：質優生,65.4,⚠️ Hold (Caution),Bull,3.95,🚀 極強 (Bull),,,5.42,83.0,93.0,⭐ A級：持續性擴張,0.62,False,-17.91,False,1.17,1.73,0.0,True,85.0,⭐ AA：財務健康,4.0,,0.0,False,,,,,,,,,,97.33333333333334,75.0,58.82352941176471,58.0,50.0,-15.0,58.41470588235295,0
2881.TW,富邦金,49,➡️ C級：中性觀望,0.03,6.25,3.54,-2.71,✅ 正向 (5-15%),,4.97,-23.54,-4.79,37,融資增加 / 融券大減,,,,,,,,,,,,,,,,,,,,,,,,,,,,,,,,,80.0,💎💎 S級：強勢潛力股,12.94,📈 外資買超,51198.0,-65583.0,-44.92,4.58,32.1,26.666666666666668,65.0,35.294117647058826,65.0,65.0,0.0,54.55882352941177,7
1504.TW,東元,49,➡️ C級：中性觀望,0.01,48.33,44.83,-3.51,🚀 極強動能 (>30%),,11.25,-33.81,-33.22,35,融資大增⚠️,50.0,0.5,✅ 正流入,0.0384,✅ 健康,✅ 健康 (穩定),⚠️ C級：警示,45.85,✅ Hold,Bull,0.954,⚠️ 弱勢,34.7,57.9,2.13,40.9,93.0,🔥 S級：結構性拐點,24.01,True,9.82,False,0.66,25.45,0.0,True,65.0,⚠️ B：需留意,2.0,,0.0,False,,,,,,,,,,53.333333333333336,55.0,82.35294117647058,65.0,50.0,-5.0,55.970588235294116,0
2615.TW,萬海,49,➡️ C級：中性觀望,0.12,11.7,4.62,-7.08,✅ 正向 (5-15%),,1.58,-43.16,-40.87,50,➡️ 中性,85.0,1.12,✅ 正流入,-0.0107,🏆 優秀 (現金流強勁),✅ 健康 (穩定),⭐ A級：質優生,47.2,📈 Accumulate,Bull,0.556,⚠️ 弱勢,6.13,15.0,0.81,31.1,88.0,🏆 SSS級：雙拐點確認,29.48,True,25.14,True,0.26,8.18,0.0,True,85.0,⭐ AA：財務健康,5.0,,0.0,False,,,,,,,,,,20.0,80.0,96.47058823529412,83.0,55.0,-15.0,48.24411764705883,0
2886.TW,兆豐金,49,➡️ C級：中性觀望,0.02,4.19,2.58,-1.61,➡️ 中性 (-5~5%),,4.18,-17.9,-8.31,45,融券大減,,,,,,,,,,,,,,,,,,,,,,,,,,,,,,,,,55.0,⭐ B級：觀察名單,2.37,⚠️ 雙空 (外資+投信賣超),-34784.0,-15409.0,-57.46,7.34,55.2,20.0,65.0,35.294117647058826,61.0,40.0,0.0,42.45882352941177,0
6515.TW,穎崴,49,➡️ C級：中性觀望,0.0,250.89,284.78,33.89,🚀 極強動能 (>30%),,11.17,-52.11,-2.85,75,融資大減✅ / 高券資比🔥,80.0,0.94,✅ 正流入,-0.0258,🏆 優秀 (現金流強勁),✅ 健康 (改善),⭐ A級：質優生,843.0,⚠️ Hold (Caution),Bull,2.366,🚀 極強 (Bull),103.07,96.4,27.02,96.6,58.0,✅ B級：趨勢改善,46.68,False,28.36,True,0.81,7.36,0.0,True,85.0,⭐ AA：財務健康,6.0,,0.0,False,,,,,,,,,,100.0,85.0,76.47058823529412,43.0,60.0,-10.0,68.99411764705883,0
2317.TW,鴻海,49,➡️ C級：中性觀望,0.02,40.25,30.61,-9.64,🚀 極強動能 (>30%),,14.56,-50.33,-17.75,50,➡️ 中性,,,,,,,,,,,,,,,,,,,,,,,,,,,,,,,,,70.0,💎 A級：潛力關注,6.57,⚠️ 雙空 (外資+投信賣超),-70186.0,-25200.0,-42.19,0.4,57.9,53.333333333333336,65.0,35.294117647058826,61.0,45.0,-10.0,47.95882352941177,5
2801.TW,彰銀,48,➡️ C級：中性觀望,-0.06,13.02,13.26,0.24,✅ 正向 (5-15%),,5.94,-13.68,-3.07,45,融券大減,,,,,,,,,,,,,,,,,,,,,,,,,,,,,,,,,55.0,⭐ B級：觀察名單,2.02,⚠️ 雙空 (外資+投信賣超),-24567.0,-2016.0,-46.68,5.45,85.3,30.666666666666664,65.0,35.294117647058826,58.0,40.0,0.0,45.20882352941176,0
2892.TW,第一金,48,➡️ C級：中性觀望,-0.01,7.45,5.61,-1.85,✅ 正向 (5-15%),,5.86,-17.29,-5.04,45,融券大減,,,,,,,,,,,,,,,,,,,,,,,,,,,,,,,,,55.0,⭐ B級：觀察名單,3.08,⚠️ 雙空 (外資+投信賣超),-48759.0,-7560.0,-50.89,5.78,79.9,26.666666666666668,65.0,35.294117647058826,58.0,40.0,0.0,44.008823529411764,0
3036.TW,文曄,48,➡️ C級：中性觀望,0.08,46.28,51.71,5.42,🚀 極強動能 (>30%),,16.77,-54.02,-11.4,45,融券大減,,,,,,,,,,,,,,,,,,,,,,,,,,,,,,,,,90.0,💎💎 S級：法人共識潛力股,15.42,🔥 雙多 (外資+投信買超),4657.0,1424.0,-26.31,0.19,37.5,62.66666666666667,65.0,35.294117647058826,65.0,65.0,-10.0,55.358823529411765,7
2883.TW,凱基金,48,➡️ C級：中性觀望,0.03,4.08,9.52,5.44,➡️ 中性 (-5~5%),,0.45,-24.4,-1.34,53,融資減少 / 融券大減,,,,,,,,,,,,,,,,,,,,,,,,,,,,,,,,,80.0,💎💎 S級：價值轉機股,12.31,📈 外資買超,285289.0,-352.0,-34.12,4.3,28.6,26.666666666666668,65.0,35.294117647058826,68.0,70.0,0.0,55.508823529411764,7
1590.TW,亞德客-KY,48,➡️ C級：中性觀望,0.02,17.39,44.43,27.04,🔥 強勢 (15-30%),,2.04,-44.21,0.0,30,融資大增⚠️ / 融券大減,80.0,1.0,✅ 正流入,0.028,✅ 健康,🏆 優秀 (大幅改善),⭐ A級：質優生,998.0,⚠️ Hold (Caution),Bull,1.037,➡️ 持平,31.62,73.6,5.2,69.4,53.0,✅ B級：趨勢改善,45.42,False,29.51,False,1.69,8.82,0.0,True,85.0,⭐ AA：財務健康,5.0,,0.0,False,,,,,,,,,,66.66666666666666,75.0,58.82352941176471,56.0,50.0,-5.0,58.91470588235294,0
2603.TW,長榮,48,➡️ C級：中性觀望,0.18,0.0,-4.35,-4.35,➡️ 中性 (-5~5%),,-1.66,-31.86,-28.21,50,➡️ 中性,90.0,1.11,✅ 正流入,-0.024,🏆 優秀 (現金流強勁),✅ 健康 (穩定),🏆 S級：優質生,149.0,📈 Accumulate,Bull,0.626,⚠️ 弱勢,4.46,17.7,0.75,28.2,98.0,🏆 SSS級：雙拐點確認,26.36,True,22.43,True,1.21,8.1,0.0,True,85.0,⭐ AA：財務健康,4.0,,0.0,False,,,,,,,,,,0.0,70.0,100.0,83.0,55.0,0.0,55.45,0
8210.TW,勤誠,48,➡️ C級：中性觀望,0.01,335.22,346.5,11.28,🚀 極強動能 (>30%),,35.98,-45.16,0.0,50,➡️ 中性,42.0,0.86,✅ 正流入,0.0633,⚡ 留意,⚡ 留意 (微升),⚠️ C級：警示,275.0,⚠️ Hold (Caution),Bull,1.2,🚀 極強 (Bull),44.56,85.9,13.81,82.9,58.0,✅ B級：趨勢改善,30.16,False,22.42,False,-1.83,29.19,0.0,True,80.0,⭐ AA：財務健康,4.0,,0.0,False,,,,,,,,,,84.0,60.0,47.05882352941176,43.0,55.0,-5.0,56.56176470588236,0
1503.TW,士電,48,➡️ C級：中性觀望,0.01,-2.12,21.2,23.32,➡️ 中性 (-5~5%),,-1.44,-67.05,-38.61,68,融資減少 / 融券大增🎯,,,,,,,,,,,,,,,,,,,,,,,,,,,,,,,,,65.0,💎 A級：籌碼卡位型,4.44,📈 外資買超,13057.0,-39.0,-30.38,3.03,33.4,29.333333333333332,65.0,35.294117647058826,65.0,72.0,-20.0,34.05882352941177,5
1519.TW,華城,48,➡️ C級：中性觀望,0.01,52.35,78.84,26.49,🚀 極強動能 (>30%),,27.48,-68.33,-11.57,65,融資大減✅,62.0,0.85,✅ 正流入,-0.0292,🏆 優秀 (現金流強勁),⚡ 留意 (微升),⚠️ C級：警示,496.0,✅ Hold,Bull,1.016,➡️ 持平,70.07,64.5,34.43,68.0,53.0,✅ B級：趨勢改善,39.62,False,22.48,False,2.99,13.77,0.0,True,85.0,⭐ AA：財務健康,4.0,,0.0,False,,,,,,,,,,82.66666666666667,70.0,58.82352941176471,61.0,57.0,-15.0,53.91470588235293,0
3665.TW,貿聯-KY,48,➡️ C級：中性觀望,0.01,132.55,120.67,-11.89,🚀 極強動能 (>30%),,28.07,-48.49,-25.0,50,➡️ 中性,47.0,0.76,✅ 正流入,0.0495,✅ 健康,✅ 健康 (改善),⚠️ C級：警示,232.5,✅ Hold,Bull,0.848,⚠️ 弱勢,31.41,55.0,5.84,66.2,83.0,⭐ A級：持續性擴張,31.65,False,17.15,False,0.42,14.83,0.0,True,85.0,⭐ AA：財務健康,4.0,,0.0,False,,,,,,,,,,66.66666666666666,65.0,55.294117647058826,61.0,55.0,-5.0,56.95882352941177,0
1402.TW,遠東新,47,➡️ C級：中性觀望,0.11,-9.07,-7.29,1.78,⚠️ 弱勢 (-15~-5%),,-1.03,-32.05,-26.67,70,融資大減✅ / 融券增加,90.0,1.83,✅ 正流入,-0.0318,🏆 優秀 (現金流強勁),✅ 健康 (穩定),🏆 S級：優質生,30.7,📈 Accumulate,Bull,0.685,⚠️ 弱勢,18.1,26.0,0.69,24.1,98.0,🏆 SSS級：雙拐點確認,20.84,True,7.41,True,1.49,3.04,0.0,True,85.0,⭐ AA：財務健康,5.0,,0.0,False,,,,,,,,,,4.0,80.0,100.0,78.0,60.0,0.0,58.900000000000006,0
1216.TW,統一,47,➡️ C級：中性觀望,0.07,-3.85,-6.51,-2.66,➡️ 中性 (-5~5%),,1.73,-20.62,-18.74,45,融資大增⚠️ / 融券大增🎯,85.0,1.82,✅ 正流入,-0.0515,🏆 優秀 (現金流強勁),✅ 健康 (穩定),⭐ A級：質優生,73.5,📈 Accumulate,Bull,0.624,⚠️ 弱勢,21.06,8.3,3.26,15.5,55.0,✅ B級：趨勢改善,33.49,False,5.98,False,-2.0,0.0,0.0,True,85.0,⭐ AA：財務健康,4.0,,0.0,False,,,,,,,,,,0.0,75.0,47.05882352941176,88.0,50.0,0.0,46.36176470588235,0
3376.TW,新日興,47,➡️ C級：中性觀望,0.02,3.18,-5.34,-8.52,➡️ 中性 (-5~5%),,-10.42,-43.34,-31.2,45,融券大減,85.0,1.09,✅ 正流入,-0.0508,🏆 優秀 (現金流強勁),⚡ 留意 (微升),⭐ A級：質優生,187.5,📉 Trim,Bull,0.571,⚠️ 弱勢,73.91,84.8,2.37,57.8,73.0,🔥 S級：結構性拐點,14.63,True,3.0,True,-0.32,2.43,0.0,True,85.0,⭐ AA：財務健康,4.0,,0.0,False,,,,,,,,,,13.333333333333334,75.0,88.23529411764706,56.0,50.0,-10.0,43.79705882352941,0
2454.TW,聯發科,47,➡️ C級：中性觀望,0.02,0.0,18.79,18.79,➡️ 中性 (-5~5%),,1.67,-33.93,-1.67,60,融券大增🎯,90.0,1.2,✅ 正流入,-0.0276,🏆 優秀 (現金流強勁),✅ 健康 (改善),🏆 S級：優質生,972.0,📉 Trim,Bull,0.848,⚠️ 弱勢,26.6,95.3,6.72,97.6,53.0,✅ B級：趨勢改善,47.96,False,18.31,False,1.05,11.45,0.0,True,85.0,⭐ AA：財務健康,5.0,,0.0,False,,,,,,,,,,26.666666666666668,80.0,58.82352941176471,43.0,57.0,0.0,51.91470588235295,0
2480.TW,敦陽科,46,➡️ C級：中性觀望,0.01,0.0,-6.71,-6.71,➡️ 中性 (-5~5%),,10.31,-26.91,-23.42,58,融資減少,50.0,0.51,✅ 正流入,0.0416,✅ 健康,✅ 健康 (穩定),⚠️ C級：警示,121.0,➡️ Hold,Bull,0.511,⚠️ 弱勢,17.57,48.4,4.51,61.7,83.0,⭐ A級：持續性擴張,24.38,False,12.3,False,0.25,6.69,0.0,True,65.0,⚠️ B：需留意,3.0,,0.0,False,,,,,,,,,,0.0,55.0,55.294117647058826,66.0,55.0,0.0,40.20882352941177,0
2383.TW,台光電,46,➡️ C級：中性觀望,0.0,233.73,257.14,23.42,🚀 極強動能 (>30%),,38.51,-35.7,-4.41,65,融資大減✅,32.0,0.51,✅ 正流入,0.0937,⚡ 留意,✅ 健康 (穩定),🛑 D級：高風險,545.0,⚠️ Hold (Caution),Bull,1.073,✅ 強勢 (Bull),51.41,94.6,15.7,94.7,53.0,✅ B級：趨勢改善,30.28,False,20.44,False,3.17,21.96,0.0,True,80.0,⭐ AA：財務健康,4.0,,0.0,False,,,,,,,,,,86.66666666666667,60.0,58.82352941176471,43.0,57.0,0.0,64.91470588235295,0
2368.TW,金像電,45,➡️ C級：中性觀望,0.01,233.66,251.85,18.2,🚀 極強動能 (>30%),,52.14,-48.18,-4.64,63,融資減少,10.0,0.54,✅ 正流入,0.1236,⚠️ 高風險 (財務虛胖),✅ 健康 (改善),🛑 D級：高風險 (財務虛胖),273.0,⚠️ Hold (Caution),Bull,1.086,✅ 強勢 (Bull),47.74,93.8,14.11,95.1,88.0,⭐ A級：持續性擴張,32.48,False,23.07,False,0.81,30.72,0.0,True,45.0,⚠️ C：財務風險,3.0,,0.0,False,,,,,,,,,,84.0,5.0,58.82352941176471,43.0,57.0,-5.0,45.36470588235295,0
1102.TW,亞泥,45,➡️ C級：中性觀望,0.07,-9.31,-13.25,-3.94,⚠️ 弱勢 (-15~-5%),,-3.47,-27.96,-25.97,45,融資大增⚠️ / 融券大增🎯,,,,,,,,,,,,,,,,,,,,,,,,,,,,,,,,,70.0,💎 A級：潛力關注,5.16,⚠️ 雙空 (外資+投信賣超),-27012.0,-23586.0,-61.39,1.71,8.7,6.666666666666667,65.0,35.294117647058826,68.0,40.0,0.0,44.508823529411764,5
5904.TW,寶雅,45,➡️ C級：中性觀望,0.05,-5.67,-9.12,-3.45,⚠️ 弱勢 (-15~-5%),,7.51,-28.75,-21.61,60,融券大增🎯,85.0,1.53,✅ 正流入,-0.0622,🏆 優秀 (現金流強勁),✅ 健康 (穩定),⭐ A級：質優生,505.0,📈 Accumulate,Bull,0.611,⚠️ 弱勢,15.71,17.9,6.45,9.9,93.0,⭐ A級：持續性擴張,44.36,False,14.39,False,1.34,12.74,0.0,True,85.0,⭐ AA：財務健康,4.0,,0.0,False,,,,,,,,,,0.0,75.0,58.82352941176471,88.0,57.0,0.0,49.41470588235295,0
1513.TW,中興電,44,⚠️ D級：謹慎評估,0.03,-3.0,9.67,12.67,➡️ 中性 (-5~5%),,-1.72,-54.78,-30.15,45,融資大增⚠️ / 融券大增🎯,90.0,1.38,✅ 正流入,-0.0905,🏆 優秀 (現金流強勁),✅ 健康 (穩定),🏆 S級：優質生,120.5,📈 Accumulate,Bull,0.668,⚠️ 弱勢,21.34,13.2,4.14,53.7,93.0,⭐ A級：持續性擴張,25.31,False,18.32,False,1.81,5.4,0.0,True,85.0,⭐ AA：財務健康,6.0,,0.0,False,,,,,,,,,,10.666666666666668,90.0,58.82352941176471,76.0,50.0,-15.0,38.86470588235294,0
2015.TW,豐興,43,⚠️ D級：謹慎評估,0.05,-8.79,-3.67,5.12,⚠️ 弱勢 (-15~-5%),,-6.64,-36.0,-23.96,50,➡️ 中性,90.0,1.62,✅ 正流入,-0.0625,🏆 優秀 (現金流強勁),✅ 健康 (穩定),🏆 S級：優質生,69.1,➡️ Hold,Bull,0.653,⚠️ 弱勢,16.26,46.6,1.74,32.6,58.0,✅ B級：趨勢改善,11.5,False,8.66,False,-2.0,2.59,0.0,True,85.0,⭐ AA：財務健康,5.0,,0.0,False,,,,,,,,,,6.666666666666667,85.0,47.05882352941176,73.0,55.0,0.0,49.11176470588235,0
6414.TW,樺漢,43,⚠️ D級：謹慎評估,0.13,1.21,-0.53,-1.74,➡️ 中性 (-5~5%),,9.19,-42.27,-24.67,42,融資增加,80.0,1.53,✅ 正流入,-0.0218,🏆 優秀 (現金流強勁),⚡ 留意 (微升),⭐ A級：質優生,283.0,📈 Accumulate,Bull,0.59,⚠️ 弱勢,11.94,11.0,1.58,7.4,93.0,⭐ A級：持續性擴張,20.46,False,2.47,False,1.45,10.46,0.0,True,85.0,⭐ AA：財務健康,5.0,,0.0,False,,,,,,,,,,13.333333333333334,80.0,58.82352941176471,88.0,50.0,-5.0,48.964705882352945,0
9917.TW,中保科,43,⚠️ D級：謹慎評估,0.03,-10.4,-13.17,-2.76,⚠️ 弱勢 (-15~-5%),,7.67,-29.29,-28.96,50,➡️ 中性,85.0,1.09,✅ 正流入,-0.0107,🏆 優秀 (現金流強勁),✅ 健康 (穩定),⭐ A級：質優生,117.0,📈 Accumulate,Bull,0.605,⚠️ 弱勢,16.01,0.3,3.65,4.3,98.0,🏆 SSS級：雙拐點確認,33.18,True,16.47,True,6.67,6.17,0.0,True,85.0,⭐ AA：財務健康,4.0,,0.0,False,,,,,,,,,,0.0,70.0,100.0,88.0,55.0,0.0,56.2,0
3661.TW,世芯-KY,43,⚠️ D級：謹慎評估,0.02,11.82,0.0,-11.82,✅ 正向 (5-15%),,4.0,-58.13,-26.75,37,融資增加 / 融券大減,95.0,2.04,✅ 正流入,-0.3076,🏆 優秀 (現金流強勁),🏆 優秀 (大幅改善),🏆 S級：優質生,4430.0,📈 Accumulate,Bull,0.508,⚠️ 弱勢,44.18,24.5,6.93,29.4,88.0,⭐ A級：持續性擴張,23.5,False,14.51,False,0.67,7.96,0.0,True,85.0,⭐ AA：財務健康,4.0,,0.0,False,,,,,,,,,,20.0,75.0,58.82352941176471,78.0,50.0,-10.0,43.214705882352945,0
2345.TW,智邦,43,⚠️ D級：謹慎評估,0.01,59.91,53.27,-6.64,🚀 極強動能 (>30%),,98.72,-44.02,-11.07,50,➡️ 中性,45.0,0.77,✅ 正流入,0.0016,✅ 健康,🏆 優秀 (大幅改善),⚠️ C級：警示,539.0,✅ Hold,Bull,0.724,⚠️ 弱勢,27.93,31.5,12.68,64.0,63.0,⭐ A級：轉型初期,18.17,True,13.06,False,-1.37,26.49,0.0,True,85.0,⭐ AA：財務健康,4.0,,0.0,False,,,,,,,,,,56.00000000000001,65.0,70.58823529411765,71.0,55.0,-5.0,58.317647058823525,0
2207.TW,和泰車,43,⚠️ D級：謹慎評估,0.05,-9.23,-13.46,-4.23,⚠️ 弱勢 (-15~-5%),,0.96,-26.93,-26.93,50,➡️ 中性,85.0,1.46,✅ 正流入,-0.0462,🏆 優秀 (現金流強勁),✅ 健康 (穩定),⭐ A級：質優生,634.0,📈 Accumulate,Bull,0.619,⚠️ 弱勢,15.88,6.8,3.67,0.0,93.0,⭐ A級：持續性擴張,20.03,False,13.29,False,1.51,8.12,0.0,True,85.0,⭐ AA：財務健康,4.0,,0.0,False,,,,,,,,,,0.0,70.0,58.82352941176471,88.0,55.0,0.0,47.964705882352945,0
9904.TW,寶成,43,⚠️ D級：謹慎評估,0.06,-14.21,-14.86,-0.64,⚠️ 弱勢 (-15~-5%),,-3.73,-38.72,-29.5,50,➡️ 中性,60.0,0.49,✅ 正流入,0.0177,✅ 健康,✅ 健康 (穩定),⚠️ C級：警示,30.5,➡️ Hold,Bull,0.72,⚠️ 弱勢,8.17,42.6,0.68,15.2,88.0,🏆 SSS級：雙拐點確認,23.15,True,4.67,True,0.28,10.01,0.0,True,65.0,⚠️ B：需留意,3.0,,0.0,False,,,,,,,,,,0.0,55.0,96.47058823529412,78.0,55.0,0.0,50.24411764705883,0
1476.TW,儒鴻,43,⚠️ D級：謹慎評估,0.02,-29.97,-23.8,6.17,🛑 極弱 (<-15%),,-0.75,-44.74,-28.79,75,融資大減✅ / 融券大增🎯,60.0,0.73,✅ 正流入,0.0194,✅ 健康,✅ 健康 (穩定),⚠️ C級：警示,537.0,➡️ Hold,Bull,0.676,⚠️ 弱勢,20.09,34.8,4.08,30.7,98.0,🏆 SSS級：雙拐點確認,28.15,True,18.51,True,1.22,7.53,0.0,True,65.0,⚠️ B：需留意,3.0,,0.0,False,,,,,,,,,,6.666666666666667,55.0,100.0,78.0,60.0,-5.0,48.45,0
1722.TW,台肥,43,⚠️ D級：謹慎評估,0.02,-8.56,-8.45,0.11,⚠️ 弱勢 (-15~-5%),,-0.05,-32.7,-31.37,52,融資增加 / 融券大增🎯,,,,,,,,,,,,,,,,,,,,,,,,,,,,,,,,,,,,,,,,,,10.666666666666668,65.0,35.294117647058826,61.0,55.0,-5.0,36.15882352941176,0
5880.TW,合庫金,43,⚠️ D級：謹慎評估,0.0,-1.22,-2.46,-1.25,➡️ 中性 (-5~5%),,7.06,-19.3,-12.68,42,融資增加,,,,,,,,,,,,,,,,,,,,,,,,,,,,,,,,,55.0,⭐ B級：觀察名單,2.24,⚠️ 雙空 (外資+投信賣超),-44955.0,-720.0,-54.64,5.37,20.8,6.666666666666667,65.0,35.294117647058826,68.0,40.0,0.0,39.508823529411764,0
3406.TW,玉晶光,42,⚠️ D級：謹慎評估,0.07,-5.98,-0.97,5.02,⚠️ 弱勢 (-15~-5%),,-3.85,-55.33,-31.78,60,融資大減✅ / 融券大減,90.0,1.75,✅ 正流入,-0.0947,🏆 優秀 (現金流強勁),✅ 健康 (穩定),🏆 S級：優質生,407.0,📈 Accumulate,Bull,0.716,⚠️ 弱勢,15.34,24.9,2.15,25.5,93.0,⭐ A級：持續性擴張,31.82,False,18.54,False,2.62,10.65,0.0,True,85.0,⭐ AA：財務健康,4.0,,0.0,False,,,,,,,,,,6.666666666666667,75.0,58.82352941176471,78.0,57.0,-15.0,34.91470588235295,0
5871.TW,中租-KY,42,⚠️ D級：謹慎評估,0.04,-8.78,-7.83,0.95,⚠️ 弱勢 (-15~-5%),,-2.93,-47.32,-40.78,45,融券大減,60.0,0.58,✅ 正流入,0.0144,✅ 健康,不適用 (無存貨),⚠️ C級：警示,170.0,➡️ Hold,Bull,0.586,⚠️ 弱勢,10.27,53.0,1.14,10.8,53.0,✅ B級：趨勢改善,65.99,False,27.46,False,3.05,5.35,0.0,True,65.0,⚠️ B：需留意,3.0,,0.0,False,,,,,,,,,,4.0,55.0,58.82352941176471,73.0,50.0,-15.0,27.66470588235294,0
3008.TW,大立光,42,⚠️ D級：謹慎評估,0.04,-7.31,-17.12,-9.8,⚠️ 弱勢 (-15~-5%),,5.13,-43.75,-28.12,60,融資大減✅ / 融券大減,75.0,0.98,✅ 正流入,-0.0136,🏆 優秀 (現金流強勁),⚡ 留意 (微升),✅ B級：正常,2405.0,➡️ Hold,Bull,0.639,⚠️ 弱勢,13.21,30.1,1.69,6.8,78.0,🔥 S級：結構性拐點,51.39,True,39.22,True,1.15,2.33,0.0,True,85.0,⭐ AA：財務健康,6.0,,0.0,False,,,,,,,,,,0.0,85.0,100.0,83.0,57.0,-5.0,54.400000000000006,0
2834.TW,臺企銀,41,⚠️ D級：謹慎評估,-0.05,6.74,3.0,-3.74,✅ 正向 (5-15%),,6.03,-32.55,-19.53,37,融資增加 / 融券大減,,,,,,,,,,,,,,,,,,,,,,,,,,,,,,,,,55.0,⭐ B級：觀察名單,1.58,⚠️ 雙空 (外資+投信賣超),-96087.0,-817.0,-51.17,4.33,63.6,26.666666666666668,65.0,35.294117647058826,61.0,40.0,0.0,44.45882352941177,0
2845.TW,遠東銀,41,⚠️ D級：謹慎評估,-0.04,-2.92,-6.04,-3.11,➡️ 中性 (-5~5%),,4.05,-32.47,-28.45,55,融券增加,,,,,,,,,,,,,,,,,,,,,,,,,,,,,,,,,70.0,💎 A級：營收爆發型,10.22,⚠️ 雙空 (外資+投信賣超),-36861.0,-480.0,-60.97,4.83,64.0,6.666666666666667,65.0,35.294117647058826,61.0,45.0,0.0,43.95882352941177,5
3005.TW,神基,41,⚠️ D級：謹慎評估,0.03,-3.25,-6.28,-3.03,➡️ 中性 (-5~5%),,10.86,-46.82,-32.12,47,融資增加,60.0,0.95,✅ 正流入,0.007,✅ 健康,⚡ 留意 (微升),⚠️ C級：警示,103.5,📈 Accumulate,Bull,0.616,⚠️ 弱勢,13.91,23.1,2.88,34.1,53.0,✅ B級：趨勢改善,32.08,False,16.19,False,1.21,12.39,0.0,True,85.0,⭐ AA：財務健康,4.0,,0.0,False,,,,,,,,,,0.0,65.0,58.82352941176471,78.0,50.0,-10.0,34.714705882352945,0
2360.TW,致茂,41,⚠️ D級：謹慎評估,0.0,210.59,216.23,5.64,🚀 極強動能 (>30%),,21.72,-51.2,-6.35,58,融資減少,,,,,,,,,,,,,,,,,,,,,,,,,,,,,,,,,100.0,💎💎💎 SSS級隱藏寶石,16.33,📈 外資買超,4333.0,-1284.0,38.91,16.07,91.4,73.33333333333333,65.0,35.294117647058826,58.0,63.0,-10.0,60.30882352941177,10
3533.TW,嘉澤,41,⚠️ D級：謹慎評估,0.02,-24.65,-7.92,16.73,🛑 極弱 (<-15%),,-1.53,-47.89,-22.08,65,融資大減✅,75.0,0.91,✅ 正流入,0.0244,✅ 健康,✅ 健康 (穩定),✅ B級：正常,1005.0,➡️ Hold,Bull,0.792,⚠️ 弱勢,21.3,43.5,5.11,63.1,63.0,⭐ A級：轉型初期,51.22,True,30.88,False,-1.32,10.12,0.0,True,85.0,⭐ AA：財務健康,5.0,,0.0,False,,,,,,,,,,10.666666666666668,75.0,70.58823529411765,66.0,57.0,-5.0,46.66764705882353,0
3702.TW,大聯大,41,⚠️ D級：謹慎評估,-0.03,-12.66,-9.73,2.94,⚠️ 弱勢 (-15~-5%),,-6.6,-48.02,-37.52,65,融資大減✅,50.0,-0.88,⚠️ 負流出 (擴產),0.0619,⚡ 留意,✅ 健康 (穩定),⚠️ C級：警示 (Sloan+CCR雙殺),86.6,📈 Accumulate,Bull,0.636,⚠️ 弱勢,11.93,5.7,1.41,31.8,58.0,✅ B級：趨勢改善,3.85,False,1.96,False,0.0,11.46,0.0,True,60.0,⚠️ B：需留意,3.0,,0.0,False,,,,,,,,,,4.0,50.0,47.05882352941176,83.0,57.0,-10.0,31.261764705882356,0
3017.TW,奇鋐,41,⚠️ D級：謹慎評估,0.01,202.32,220.87,18.55,🚀 極強動能 (>30%),,58.06,-58.01,-2.69,58,融資減少,55.0,0.87,✅ 正流入,-0.0103,🏆 優秀 (現金流強勁),⚡ 留意 (微升),⚠️ C級：警示,534.0,⚠️ Hold (Caution),Bull,1.009,➡️ 持平,42.77,74.9,17.47,85.1,50.0,✅ B級：趨勢改善,25.5,False,19.09,False,2.71,0.0,0.0,True,85.0,⭐ AA：財務健康,5.0,,0.0,False,,,,,,,,,,84.0,80.0,58.82352941176471,53.0,55.0,-10.0,60.41470588235295,0
6005.TW,群益證,41,⚠️ D級：謹慎評估,0.03,-0.89,12.77,13.66,➡️ 中性 (-5~5%),,7.9,-31.71,-5.75,30,融資大增⚠️ / 融券大減,65.0,0.78,✅ 正流入,-0.0286,🏆 優秀 (現金流強勁),不適用 (無存貨),⚠️ C級：警示,16.15,➡️ Hold,Bull,0.874,⚠️ 弱勢,12.26,62.1,1.43,87.3,88.0,⭐ A級：持續性擴張,69.12,False,22.82,False,0.74,6.13,0.0,True,65.0,⚠️ B：需留意,3.0,,0.0,False,,,,,,,,,,17.333333333333336,60.0,58.82352941176471,58.0,50.0,0.0,45.66470588235294,0
2382.TW,廣達,41,⚠️ D級：謹慎評估,-0.0,19.36,16.17,-3.19,🔥 強勢 (15-30%),,20.94,-47.65,-19.94,58,融資減少,42.0,-0.13,✅ 正流入,0.0008,✅ 健康,✅ 健康 (穩定),⚠️ C級：警示,266.5,🔥 Strong Buy,Bull,0.672,⚠️ 弱勢,15.33,21.7,4.93,52.1,93.0,🏆 SSS級：雙拐點確認,7.27,True,4.27,True,1.0,15.17,0.0,True,85.0,⭐ AA：財務健康,4.0,,0.0,False,,,,,,,,,,36.0,65.0,100.0,71.0,55.0,-5.0,58.199999999999996,0
2439.TW,美律,40,⚠️ D級：謹慎評估,0.03,-8.08,-6.32,1.77,⚠️ 弱勢 (-15~-5%),,7.3,-36.34,-32.48,53,融資減少 / 融券大減,50.0,0.63,✅ 正流入,0.0058,✅ 健康,⚡ 留意 (微升),⚠️ C級：警示,105.5,➡️ Hold,Bull,0.562,⚠️ 弱勢,15.54,44.7,1.5,7.9,93.0,🔥 S級：結構性拐點,12.29,True,2.82,False,0.79,7.8,0.0,True,65.0,⚠️ B：需留意,3.0,,0.0,False,,,,,,,,,,4.0,55.0,82.35294117647058,78.0,55.0,-5.0,43.620588235294115,0
1101.TW,台泥,40,⚠️ D級：謹慎評估,0.07,-26.43,-17.76,8.67,🛑 極弱 (<-15%),,-0.92,-42.13,-27.09,60,融券大增🎯,90.0,2.19,✅ 正流入,-0.0609,🏆 優秀 (現金流強勁),✅ 健康 (穩定),🏆 S級：優質生,32.0,📈 Accumulate,Bull,0.719,⚠️ 弱勢,21.6,19.6,0.88,41.9,93.0,⭐ A級：持續性擴張,18.36,False,7.82,False,1.44,1.33,0.0,True,85.0,⭐ AA：財務健康,4.0,,0.0,False,,,,,,,,,,6.666666666666667,75.0,58.82352941176471,80.0,57.0,-5.0,45.214705882352945,0
2609.TW,陽明,40,⚠️ D級：謹慎評估,0.16,-9.81,-18.14,-8.33,⚠️ 弱勢 (-15~-5%),,3.77,-42.0,-39.24,50,➡️ 中性,85.0,1.12,✅ 正流入,-0.023,🏆 優秀 (現金流強勁),✅ 健康 (穩定),⭐ A級：質優生,46.65,📈 Accumulate,Bull,0.571,⚠️ 弱勢,6.74,8.9,0.58,6.4,98.0,🏆 SSS級：雙拐點確認,17.65,True,12.3,True,1.09,3.23,0.0,True,65.0,⚠️ B：需留意,3.0,,0.0,False,,,,,,,,,,0.0,60.0,100.0,88.0,55.0,-10.0,43.7,0
3023.TW,信邦,40,⚠️ D級：謹慎評估,0.02,-30.84,-7.0,23.83,🛑 極弱 (<-15%),,0.03,-45.94,-30.72,75,融資大減✅ / 融券大增🎯,,,,,,,,,,,,,,,,,,,,,,,,,,,,,,,,,65.0,💎 A級：籌碼卡位型,0.06,📈 外資買超,7650.0,-1341.0,-52.66,1.81,35.4,20.0,65.0,35.294117647058826,65.0,72.0,-10.0,41.25882352941177,5
5876.TW,上海商銀,40,⚠️ D級：謹慎評估,-0.08,-9.07,-9.82,-0.75,⚠️ 弱勢 (-15~-5%),,-1.54,-23.06,-17.37,45,融券大減,,,,,,,,,,,,,,,,,,,,,,,,,,,,,,,,,55.0,⭐ B級：觀察名單,2.09,⚠️ 雙空 (外資+投信賣超),-14935.0,-20311.0,-60.64,3.69,13.9,6.666666666666667,65.0,35.294117647058826,68.0,40.0,0.0,39.508823529411764,0
2897.TW,王道銀,40,⚠️ D級：謹慎評估,-0.13,-8.2,-7.44,0.77,⚠️ 弱勢 (-15~-5%),,1.31,-21.09,-16.65,60,融券大增🎯,,,,,,,,,,,,,,,,,,,,,,,,,,,,,,,,,,,,,,,,,,10.666666666666668,65.0,35.294117647058826,61.0,57.0,0.0,41.358823529411765,0
9945.TW,潤泰新,40,⚠️ D級：謹慎評估,0.02,-27.07,-29.75,-2.68,🛑 極弱 (<-15%),,-0.73,-46.59,-44.98,60,融券大增🎯,60.0,0.23,✅ 正流入,0.0511,⚡ 留意,🏆 優秀 (大幅改善),⚠️ C級：警示 (Sloan+CCR雙殺),36.1,📈 Accumulate,Bull,0.626,⚠️ 弱勢,8.78,29.3,0.85,4.8,53.0,✅ B級：趨勢改善,24.69,False,17.53,False,4.43,15.49,0.0,True,60.0,⚠️ B：需留意,3.0,,0.0,False,,,,,,,,,,0.0,50.0,58.82352941176471,83.0,57.0,-15.0,27.414705882352948,0
4536.TW,拓凱,39,⚠️ D級：謹慎評估,0.06,-15.77,-17.31,-1.54,🛑 極弱 (<-15%),,-6.74,-36.8,-30.74,58,融資減少,95.0,0.94,✅ 正流入,-0.011,🏆 優秀 (現金流強勁),🏆 優秀 (大幅改善),🏆 S級：優質生,182.0,📈 Accumulate,Bull,0.564,⚠️ 弱勢,8.52,10.8,1.61,15.5,53.0,✅ B級：趨勢改善,35.99,False,20.79,False,1.22,5.42,0.0,True,85.0,⭐ AA：財務健康,6.0,,0.0,False,,,,,,,,,,0.0,85.0,58.82352941176471,88.0,55.0,-5.0,46.714705882352945,0
9910.TW,豐泰,39,⚠️ D級：謹慎評估,0.04,-14.25,-25.98,-11.74,⚠️ 弱勢 (-15~-5%),,-1.14,-47.93,-44.38,30,融資大增⚠️ / 融券大減,90.0,1.05,✅ 正流入,-0.0415,🏆 優秀 (現金流強勁),✅ 健康 (穩定),🏆 S級：優質生,166.5,📈 Accumulate,Bull,0.505,⚠️ 弱勢,17.87,16.7,3.97,18.0,53.0,✅ B級：趨勢改善,23.01,False,9.33,False,1.83,11.75,0.0,True,85.0,⭐ AA：財務健康,4.0,,0.0,False,,,,,,,,,,0.0,70.0,58.82352941176471,88.0,50.0,-15.0,32.464705882352945,0
1609.TW,大亞,39,⚠️ D級：謹慎評估,0.0,-1.1,-3.88,-2.78,➡️ 中性 (-5~5%),,7.41,-55.02,-40.65,60,融券大增🎯,,,,,,,,,,,,,,,,,,,,,,,,,,,,,,,,,60.0,💎 A級：籌碼卡位型,-1.13,📈 外資買超,8562.0,-126.0,-50.73,0.98,19.5,6.666666666666667,65.0,35.294117647058826,68.0,69.0,-20.0,27.408823529411762,5
2912.TW,統一超,39,⚠️ D級：謹慎評估,0.06,-14.0,-14.45,-0.45,⚠️ 弱勢 (-15~-5%),,6.14,-31.19,-27.72,45,融資大增⚠️ / 融券大增🎯,85.0,2.09,✅ 正流入,-0.0668,🏆 優秀 (現金流強勁),✅ 健康 (穩定),⭐ A級：質優生,265.5,📈 Accumulate,Bull,0.568,⚠️ 弱勢,20.41,11.8,5.78,6.0,55.0,✅ B級：趨勢改善,34.47,False,4.32,False,-0.11,0.0,0.0,True,85.0,⭐ AA：財務健康,4.0,,0.0,False,,,,,,,,,,0.0,75.0,47.05882352941176,88.0,50.0,0.0,46.36176470588235,0
2379.TW,瑞昱,39,⚠️ D級：謹慎評估,0.04,-5.99,-18.63,-12.64,⚠️ 弱勢 (-15~-5%),,5.55,-27.15,-23.34,30,融資大增⚠️ / 融券大減,85.0,1.47,✅ 正流入,-0.0727,🏆 優秀 (現金流強勁),✅ 健康 (穩定),⭐ A級：質優生,469.0,📈 Accumulate,Bull,0.568,⚠️ 弱勢,15.32,2.9,5.01,52.3,63.0,⭐ A級：轉型初期,50.54,True,12.47,False,-0.29,9.61,0.0,True,85.0,⭐ AA：財務健康,5.0,,0.0,False,,,,,,,,,,0.0,85.0,70.58823529411765,76.0,50.0,0.0,51.76764705882353,0
4966.TW,譜瑞-KY,38,⚠️ D級：謹慎評估,0.03,-11.27,-26.83,-15.56,⚠️ 弱勢 (-15~-5%),,-1.17,-65.95,-60.53,42,融資增加,95.0,1.13,✅ 正流入,-0.0069,🏆 優秀 (現金流強勁),✅ 健康 (改善),🏆 S級：優質生,1260.0,📈 Accumulate,Bull,0.437,⚠️ 弱勢,14.52,1.6,1.9,8.6,58.0,✅ B級：趨勢改善,42.72,False,17.23,False,-0.03,8.27,0.0,True,85.0,⭐ AA：財務健康,6.0,,0.0,False,,,,,,,,,,0.0,85.0,47.05882352941176,88.0,50.0,-30.0,18.86176470588235,0
2887.TW,台新金,38,⚠️ D級：謹慎評估,-0.01,21.97,32.76,10.79,🔥 強勢 (15-30%),,163.02,-30.39,-0.43,65,融券大增🎯,,,,,,,,,,,,,,,,,,,,,,,,,,,,,,,,,80.0,💎💎 S級：強勢潛力股,111.72,📈 外資買超,265807.0,-26543.0,-9.36,6.48,99.3,57.333333333333336,65.0,35.294117647058826,58.0,72.0,0.0,63.40882352941178,7
8464.TW,億豐,38,⚠️ D級：謹慎評估,0.03,-16.55,-5.02,11.53,🛑 極弱 (<-15%),,5.15,-42.7,-19.07,65,融資大減✅,75.0,0.86,✅ 正流入,0.0405,✅ 健康,✅ 健康 (改善),✅ B級：正常,346.0,➡️ Hold,Bull,0.554,⚠️ 弱勢,18.55,51.4,4.46,32.3,53.0,✅ B級：趨勢改善,58.73,False,29.64,False,2.9,8.57,0.0,True,65.0,⚠️ B：需留意,3.0,,0.0,False,,,,,,,,,,10.666666666666668,55.0,58.82352941176471,68.0,57.0,-5.0,39.61470588235294,0
3714.TW,富采,38,⚠️ D級：謹慎評估,0.04,-16.14,-14.5,1.64,🛑 極弱 (<-15%),,-10.95,-42.38,-27.44,50,➡️ 中性,70.0,,✅ 正流入,-0.0923,🏆 優秀 (現金流強勁),✅ 健康 (穩定),✅ B級：正常,43.35,➡️ Hold,Bull,0.704,⚠️ 弱勢,,,0.65,48.6,95.0,🏆 SSS級：雙拐點確認,8.26,True,-12.77,True,1.32,-1.1,0.0,False,85.0,⭐ AA：財務健康,4.0,,0.0,False,,,,,,,,,,4.0,75.0,88.23529411764706,65.0,55.0,-5.0,47.84705882352941,0
4938.TW,和碩,38,⚠️ D級：謹慎評估,0.08,-25.92,-26.06,-0.14,🛑 極弱 (<-15%),,-3.26,-43.08,-42.08,50,➡️ 中性,95.0,1.45,✅ 正流入,-0.0181,🏆 優秀 (現金流強勁),✅ 健康 (改善),🏆 S級：優質生,83.7,➡️ Hold,Bull,0.643,⚠️ 弱勢,14.48,39.6,0.97,11.1,88.0,⭐ A級：持續性擴張,3.69,False,0.9,False,0.62,6.82,0.0,True,85.0,⭐ AA：財務健康,4.0,,0.0,False,,,,,,,,,,0.0,70.0,58.82352941176471,78.0,55.0,-15.0,31.464705882352945,0
2324.TW,仁寶,38,⚠️ D級：謹慎評估,0.11,-15.73,-14.6,1.13,🛑 極弱 (<-15%),,-6.49,-41.19,-22.33,50,➡️ 中性,,,,,,,,,,,,,,,,,,,,,,,,,,,,,,,,,65.0,💎 A級：籌碼卡位型,2.73,📈 外資買超,14588.0,-49235.0,-39.02,0.17,78.9,10.666666666666668,65.0,35.294117647058826,58.0,70.0,-5.0,42.20882352941176,5
3034.TW,聯詠,38,⚠️ D級：謹慎評估,0.03,-22.83,-33.02,-10.2,🛑 極弱 (<-15%),,-2.86,-43.59,-43.59,50,➡️ 中性,60.0,0.73,✅ 正流入,0.0295,✅ 健康,✅ 健康 (穩定),⚠️ C級：警示,506.0,📈 Accumulate,Bull,0.552,⚠️ 弱勢,12.58,0.9,3.45,27.0,88.0,🏆 SSS級：雙拐點確認,37.5,True,18.47,True,0.02,6.6,0.0,True,65.0,⚠️ B：需留意,3.0,,0.0,False,,,,,,,,,,0.0,55.0,94.11764705882352,83.0,55.0,-15.0,35.52352941176471,0
2356.TW,英業達,37,⚠️ D級：謹慎評估,-0.04,-1.47,-1.01,0.46,➡️ 中性 (-5~5%),,8.18,-44.52,-27.91,35,融資大增⚠️,45.0,-1.33,⚠️ 負流出 (擴產),0.0671,⚡ 留意,✅ 健康 (穩定),⚠️ C級：警示 (Sloan+CCR雙殺),58.0,📈 Accumulate,Bull,0.702,⚠️ 弱勢,17.55,19.4,2.25,33.7,88.0,🏆 SSS級：雙拐點確認,5.35,True,1.96,True,0.04,10.95,0.0,True,60.0,⚠️ B：需留意,3.0,,0.0,False,,,,,,,,,,4.0,50.0,94.11764705882352,83.0,50.0,-5.0,44.9735294117647,0
3706.TW,神達,37,⚠️ D級：謹慎評估,-0.02,29.04,12.87,-16.18,🔥 強勢 (15-30%),,22.59,-51.41,-27.85,50,➡️ 中性,22.0,-0.89,⚠️ 負流出 (擴產),0.1366,⚠️ 高風險 (財務虛胖),🏆 優秀 (大幅改善),🛑 D級：高風險 (財務虛胖),45.1,🔥 Strong Buy,Bull,0.611,⚠️ 弱勢,17.35,20.1,1.5,51.4,88.0,⭐ A級：持續性擴張,11.88,False,5.55,False,0.73,15.58,0.0,True,45.0,⚠️ C：財務風險,3.0,,0.0,False,,,,,,,,,,26.666666666666668,5.0,58.82352941176471,71.0,55.0,-10.0,27.16470588235294,0
2352.TW,佳世達,37,⚠️ D級：謹慎評估,0.06,-29.03,-25.99,3.05,🛑 極弱 (<-15%),,-0.12,-55.24,-47.35,60,融券大增🎯,90.0,1.38,✅ 正流入,-0.0274,🏆 優秀 (現金流強勁),✅ 健康 (穩定),🏆 S級：優質生,47.6,📉 Trim,Bull,0.626,⚠️ 弱勢,31.3,84.5,1.45,20.3,80.0,🔥 S級：結構性拐點,16.77,False,1.66,True,0.38,-0.75,0.0,False,85.0,⭐ AA：財務健康,4.0,,0.0,False,,,,,,,,,,4.0,70.0,61.1764705882353,63.0,57.0,-20.0,26.085294117647067,0
2357.TW,華碩,37,⚠️ D級：謹慎評估,0.03,-14.86,-22.41,-7.55,⚠️ 弱勢 (-15~-5%),,7.24,-37.8,-32.62,35,融資大增⚠️,60.0,0.65,✅ 正流入,0.0381,✅ 健康,✅ 健康 (改善),⚠️ C級：警示,464.0,📈 Accumulate,Bull,0.521,⚠️ 弱勢,10.72,0.9,1.45,29.4,98.0,🏆 SSS級：雙拐點確認,14.79,True,5.64,True,1.5,5.78,0.0,True,65.0,⚠️ B：需留意,3.0,,0.0,False,,,,,,,,,,0.0,55.0,100.0,83.0,50.0,-5.0,46.2,0
2385.TW,群光,37,⚠️ D級：謹慎評估,0.04,-25.31,-22.73,2.59,🛑 極弱 (<-15%),,-1.04,-56.29,-53.97,60,融券大增🎯,75.0,0.81,✅ 正流入,0.0273,✅ 健康,✅ 健康 (穩定),✅ B級：正常,164.5,📈 Accumulate,Bull,0.587,⚠️ 弱勢,10.5,3.5,2.1,3.9,98.0,🔥 S級：結構性拐點,18.43,True,8.84,False,1.44,11.07,0.0,True,65.0,⚠️ B：需留意,2.0,,0.0,False,,,,,,,,,,4.0,55.0,82.35294117647058,88.0,57.0,-25.0,25.320588235294117,0
8454.TW,富邦媒,37,⚠️ D級：謹慎評估,0.04,-36.05,-46.57,-10.53,🛑 極弱 (<-15%),,-2.4,-57.93,-57.93,60,融券大增🎯,,,,,,,,,,,,,,,,,,,,,,,,,,,,,,,,,,,,,,,,,,6.666666666666667,65.0,35.294117647058826,61.0,57.0,-25.0,15.15882352941177,0
2618.TW,長榮航,36,⚠️ D級：謹慎評估,0.11,-19.89,-15.12,4.77,🛑 極弱 (<-15%),,6.04,-30.5,-19.39,55,融券增加,85.0,1.45,✅ 正流入,-0.0541,🏆 優秀 (現金流強勁),✅ 健康 (穩定),⭐ A級：質優生,31.35,📈 Accumulate,Bull,0.643,⚠️ 弱勢,7.98,18.8,1.58,42.2,53.0,✅ B級：趨勢改善,23.62,False,16.41,False,1.46,3.77,0.0,True,85.0,⭐ AA：財務健康,4.0,,0.0,False,,,,,,,,,,4.0,75.0,58.82352941176471,80.0,55.0,0.0,49.214705882352945,0
2354.TW,鴻準,36,⚠️ D級：謹慎評估,0.01,-14.2,-20.78,-6.58,⚠️ 弱勢 (-15~-5%),,11.15,-50.87,-41.62,60,融券大增🎯,65.0,0.5,✅ 正流入,-0.0051,🏆 優秀 (現金流強勁),✅ 健康 (改善),⚠️ C級：警示,49.4,➡️ Hold,Bull,0.526,⚠️ 弱勢,24.59,42.9,0.78,25.4,93.0,🏆 SSS級：雙拐點確認,3.56,True,1.34,True,0.66,7.78,0.0,True,85.0,⭐ AA：財務健康,4.0,,0.0,False,,,,,,,,,,0.0,70.0,100.0,73.0,57.0,-20.0,34.150000000000006,0
3653.TW,健策,36,⚠️ D級：謹慎評估,0.0,145.94,166.67,20.72,🚀 極強動能 (>30%),,53.83,-52.0,-4.46,58,融資減少,35.0,0.68,✅ 正流入,0.0714,⚡ 留意,🏆 優秀 (大幅改善),🛑 D級：高風險,849.0,⚠️ Hold (Caution),Bull,1.327,🚀 極強 (Bull),87.92,93.9,22.76,95.2,63.0,⭐ A級：轉型初期,41.72,True,32.33,False,-1.96,24.51,0.0,True,80.0,⭐ AA：財務健康,4.0,,0.0,False,,,,,,,,,,93.33333333333333,60.0,70.58823529411765,43.0,55.0,-10.0,59.067647058823525,0
2542.TW,興富發,35,⚠️ D級：謹慎評估,-0.02,-9.62,-11.81,-2.18,⚠️ 弱勢 (-15~-5%),,9.69,-45.14,-42.19,53,融資減少 / 融券大減,30.0,-0.53,⚠️ 負流出 (擴產),0.0535,⚡ 留意,🚫 極高風險 (嚴重積壓),🛑 D級：高風險,39.5,📈 Accumulate,Bull,0.6,⚠️ 弱勢,14.6,6.2,1.52,10.7,98.0,🏆 SSS級：雙拐點確認,25.87,True,12.96,True,1.04,0.96,0.0,True,60.0,⚠️ B：需留意,1.0,,0.0,False,,,,,,,,,,0.0,50.0,100.0,88.0,55.0,-15.0,36.2,0
6409.TW,旭隼,35,⚠️ D級：謹慎評估,0.02,-35.44,-43.9,-8.46,🛑 極弱 (<-15%),,-7.68,-64.01,-61.18,52,融資增加 / 融券大增🎯,65.0,0.83,✅ 正流入,0.0881,⚡ 留意,✅ 健康 (穩定),⚠️ C級：警示,1365.0,📈 Accumulate,Bull,0.567,⚠️ 弱勢,20.35,6.7,9.44,3.7,98.0,🔥 S級：結構性拐點,29.05,True,21.16,False,2.55,15.16,0.0,True,80.0,⭐ AA：財務健康,4.0,,0.0,False,,,,,,,,,,0.0,60.0,82.35294117647058,88.0,55.0,-30.0,20.17058823529412,0
2201.TW,裕隆,35,⚠️ D級：謹慎評估,0.23,-32.52,-35.95,-3.43,🛑 極弱 (<-15%),,-4.9,-60.29,-59.37,50,➡️ 中性,85.0,2.45,✅ 正流入,-0.0366,🏆 優秀 (現金流強勁),⚡ 留意 (微升),⭐ A級：質優生,68.7,📈 Accumulate,Bull,0.585,⚠️ 弱勢,23.48,17.1,0.53,3.5,53.0,✅ B級：趨勢改善,33.0,False,8.41,False,8.5,2.5,0.0,True,85.0,⭐ AA：財務健康,4.0,,0.0,False,,,,,,,,,,0.0,70.0,58.82352941176471,88.0,55.0,-30.0,17.964705882352945,0
9914.TW,美利達,35,⚠️ D級：謹慎評估,0.03,-51.13,-43.53,7.6,🛑 極弱 (<-15%),,-13.7,-68.85,-65.71,50,➡️ 中性,75.0,,✅ 正流入,-0.0864,🏆 優秀 (現金流強勁),✅ 健康 (改善),✅ B級：正常,180.5,➡️ Hold,Bull,0.5,⚠️ 弱勢,34.12,42.0,1.36,5.3,63.0,⭐ A級：轉型初期,15.03,True,7.96,False,-11.72,3.6,0.0,True,65.0,⚠️ B：需留意,2.0,,0.0,False,,,,,,,,,,6.666666666666667,65.0,70.58823529411765,78.0,55.0,-30.0,19.567647058823525,0
2610.TW,華航,35,⚠️ D級：謹慎評估,0.14,-17.53,-7.89,9.64,🛑 極弱 (<-15%),,8.66,-32.1,-15.58,53,融資減少 / 融券大減,85.0,2.44,✅ 正流入,-0.0786,🏆 優秀 (現金流強勁),✅ 健康 (穩定),⭐ A級：質優生,20.0,📈 Accumulate,Bull,0.708,⚠️ 弱勢,9.21,13.4,1.47,36.3,53.0,✅ B級：趨勢改善,17.71,False,10.17,False,1.21,2.17,0.0,True,85.0,⭐ AA：財務健康,6.0,,0.0,False,,,,,,,,,,6.666666666666667,90.0,58.82352941176471,80.0,55.0,0.0,53.76470588235294,0
6415.TW,矽力*-KY,34,🛑 F級：避開,0.01,-48.23,-27.97,20.26,🛑 極弱 (<-15%),,6.1,-67.77,-50.99,60,融券大增🎯,80.0,1.16,✅ 正流入,-0.0155,🏆 優秀 (現金流強勁),⚡ 留意 (微升),⭐ A級：質優生,390.0,📈 Accumulate,Bull,0.557,⚠️ 弱勢,41.3,8.2,3.02,22.8,63.0,⭐ A級：轉型初期,51.79,True,10.41,False,-4.75,8.67,0.0,True,85.0,⭐ AA：財務健康,5.0,,0.0,False,,,,,,,,,,13.333333333333334,80.0,70.58823529411765,83.0,57.0,-30.0,26.267647058823528,0
2105.TW,正新,34,🛑 F級：避開,0.06,-42.19,-39.35,2.84,🛑 極弱 (<-15%),,-4.72,-52.59,-50.24,45,融券大減,90.0,1.75,✅ 正流入,-0.0472,🏆 優秀 (現金流強勁),✅ 健康 (穩定),🏆 S級：優質生,45.1,📈 Accumulate,Bull,0.525,⚠️ 弱勢,19.46,29.5,1.21,3.9,88.0,⭐ A級：持續性擴張,22.69,False,8.22,False,0.73,6.07,0.0,True,65.0,⚠️ B：需留意,3.0,,0.0,False,,,,,,,,,,4.0,60.0,58.82352941176471,83.0,50.0,-25.0,20.41470588235294,0
6285.TW,啟碁,34,🛑 F級：避開,0.05,-51.33,25.93,77.25,🛑 極弱 (<-15%),,6.65,-43.53,-9.88,45,融資大增⚠️ / 融券大增🎯,90.0,2.59,✅ 正流入,-0.0877,🏆 優秀 (現金流強勁),✅ 健康 (改善),🏆 S級：優質生,141.5,📉 Trim,Bull,0.996,⚠️ 弱勢,29.26,83.7,2.78,81.3,83.0,🔥 S級：結構性拐點,11.96,False,3.21,True,0.02,5.0,0.0,True,65.0,⚠️ B：需留意,3.0,,0.0,False,,,,,,,,,,29.333333333333332,65.0,70.58823529411765,53.0,50.0,-5.0,47.11764705882352,0
6176.TW,瑞儀,34,🛑 F級：避開,0.04,-35.99,-38.01,-2.02,🛑 極弱 (<-15%),,19.57,-48.29,-44.65,60,融券大增🎯,50.0,0.63,✅ 正流入,0.0488,✅ 健康,✅ 健康 (穩定),⚠️ C級：警示,140.0,📈 Accumulate,Bull,0.588,⚠️ 弱勢,10.64,23.3,1.66,14.2,58.0,✅ B級：趨勢改善,21.49,False,12.86,False,-12.0,8.66,0.0,True,65.0,⚠️ B：需留意,3.0,,0.0,False,,,,,,,,,,0.0,55.0,47.05882352941176,83.0,57.0,-15.0,26.311764705882354,0
9921.TW,巨大,34,🛑 F級：避開,0.11,-35.49,-35.71,-0.22,🛑 極弱 (<-15%),,-14.7,-64.1,-63.11,45,融券大減,,,,,,,,,,,,,,,,,,,,,,,,,,,,,,,,,65.0,💎 A級：籌碼卡位型,1.57,📈 外資買超,5281.0,-163.0,-68.02,0.57,7.2,6.666666666666667,65.0,35.294117647058826,68.0,62.0,-30.0,16.708823529411767,5
3587.TW,閎康,33,🛑 F級：避開,0.05,-19.03,-4.6,14.44,🛑 極弱 (<-15%),,-0.13,-56.08,-31.12,40,融資大增⚠️ / 融券增加,90.0,3.03,✅ 正流入,-0.1703,🏆 優秀 (現金流強勁),不適用 (無存貨),🏆 S級：優質生,263.5,📉 Trim,Bull,0.766,⚠️ 弱勢,34.44,100.0,3.2,45.9,50.0,✅ B級：趨勢改善,27.97,False,9.88,False,1.4,0.0,0.0,True,65.0,⚠️ B：需留意,3.0,,0.0,False,,,,,,,,,,10.666666666666668,65.0,58.82352941176471,50.0,50.0,-15.0,28.714705882352945,0
2393.TW,億光,33,🛑 F級：避開,0.05,-29.18,-29.88,-0.7,🛑 極弱 (<-15%),,0.73,-43.18,-35.96,42,融資增加,70.0,0.95,✅ 正流入,0.0066,✅ 健康,✅ 健康 (穩定),✅ B級：正常,49.05,📈 Accumulate,Bull,0.562,⚠️ 弱勢,10.92,10.7,1.32,19.5,53.0,✅ B級：趨勢改善,31.34,False,13.56,False,2.49,4.58,0.0,True,65.0,⚠️ B：需留意,3.0,,0.0,False,,,,,,,,,,0.0,55.0,58.82352941176471,88.0,50.0,-10.0,33.714705882352945,0
2327.TW,國巨,32,🛑 F級：避開,0.02,-53.66,-51.69,1.98,🛑 極弱 (<-15%),,0.9,-83.27,-67.91,50,➡️ 中性,85.0,1.13,✅ 正流入,-0.0074,🏆 優秀 (現金流強勁),✅ 健康 (穩定),⭐ A級：質優生,551.0,📉 Trim,Bull,0.315,⚠️ 弱勢,25.85,84.1,3.37,73.9,50.0,✅ B級：趨勢改善,35.8,False,21.73,False,2.9,0.0,0.0,True,85.0,⭐ AA：財務健康,6.0,,0.0,False,,,,,,,,,,4.0,85.0,58.82352941176471,53.0,55.0,-30.0,17.664705882352948,0
2457.TW,飛宏,32,🛑 F級：避開,0.01,-16.0,-15.65,0.34,🛑 極弱 (<-15%),,-0.07,-68.22,-53.29,35,融資大增⚠️,80.0,,✅ 正流入,-0.0428,🏆 優秀 (現金流強勁),🏆 優秀 (大幅改善),⭐ A級：質優生,56.2,➡️ Hold,Bull,0.831,⚠️ 弱勢,53.75,46.0,1.37,21.1,93.0,⭐ A級：持續性擴張,21.01,False,-5.88,False,1.11,4.17,0.0,True,65.0,⚠️ B：需留意,2.0,,0.0,False,,,,,,,,,,10.666666666666668,60.0,58.82352941176471,73.0,50.0,-30.0,15.91470588235294,0
4763.TW,材料-KY,32,🛑 F級：避開,0.05,-94.32,-93.75,0.57,🛑 極弱 (<-15%),,6.55,-95.73,-95.37,50,➡️ 中性,20.0,0.73,✅ 正流入,0.1792,⚠️ 高風險 (財務虛胖),⚡ 留意 (微升),🛑 D級：高風險 (財務虛胖),873.0,📈 Accumulate,Bull,0.521,⚠️ 弱勢,6.96,1.6,2.96,3.5,55.0,✅ B級：趨勢改善,58.81,False,53.12,True,-0.26,0.0,0.0,True,45.0,⚠️ C：財務風險,3.0,,0.0,False,,,,,,,,,,4.0,5.0,64.70588235294117,88.0,55.0,-30.0,4.091176470588238,0
1514.TW,亞力,32,🛑 F級：避開,0.0,1.17,25.91,24.74,➡️ 中性 (-5~5%),,26.85,-57.36,-33.61,60,融券大增🎯,37.0,0.37,⚠️ 負流出 (擴產),0.0967,⚡ 留意,✅ 健康 (改善),🛑 D級：高風險,82.2,➡️ Hold,Bull,0.764,⚠️ 弱勢,39.9,42.9,5.44,52.7,58.0,✅ B級：趨勢改善,18.17,False,9.39,True,-1.13,4.44,0.0,True,60.0,⚠️ B：需留意,1.0,,0.0,False,,,,,,,,,,36.0,50.0,64.70588235294117,66.0,57.0,-15.0,36.84117647058823,0
2395.TW,研華,32,🛑 F級：避開,0.02,-22.99,-23.33,-0.35,🛑 極弱 (<-15%),,5.51,-34.57,-31.22,37,融資增加 / 融券大減,75.0,0.98,✅ 正流入,0.02,✅ 健康,✅ 健康 (改善),✅ B級：正常,383.5,📈 Accumulate,Bull,0.608,⚠️ 弱勢,24.55,6.5,4.84,7.6,53.0,✅ B級：趨勢改善,39.78,False,16.53,False,4.67,7.53,0.0,True,85.0,⭐ AA：財務健康,5.0,,0.0,False,,,,,,,,,,0.0,75.0,58.82352941176471,88.0,50.0,-5.0,43.714705882352945,0
3035.TW,智原,31,🛑 F級：避開,0.02,-20.78,-29.26,-8.47,🛑 極弱 (<-15%),,2.39,-67.25,-64.4,45,融券大減,95.0,1.46,✅ 正流入,-0.0451,🏆 優秀 (現金流強勁),🏆 優秀 (大幅改善),🏆 S級：優質生,455.0,📉 Trim,Bull,0.696,⚠️ 弱勢,55.48,74.5,3.33,5.6,93.0,🔥 S級：結構性拐點,24.19,False,3.11,True,170.0,3.5,0.0,True,85.0,⭐ AA：財務健康,4.0,,0.0,False,,,,,,,,,,0.0,70.0,76.47058823529412,68.0,50.0,-30.0,17.99411764705883,0
6412.TW,群電,31,🛑 F級：避開,0.03,-36.39,-24.08,12.31,🛑 極弱 (<-15%),,2.25,-56.59,-48.56,45,融資大增⚠️ / 融券大增🎯,55.0,0.79,✅ 正流入,0.0169,✅ 健康,✅ 健康 (穩定),⚠️ C級：警示,150.0,➡️ Hold,Bull,0.582,⚠️ 弱勢,15.38,41.2,2.69,14.6,98.0,🏆 SSS級：雙拐點確認,17.05,True,6.98,True,1.44,9.95,0.0,True,65.0,⚠️ B：需留意,2.0,,0.0,False,,,,,,,,,,10.666666666666668,55.0,100.0,78.0,50.0,-20.0,33.650000000000006,0
2376.TW,技嘉,31,🛑 F級：避開,-0.0,1.73,-6.03,-7.76,➡️ 中性 (-5~5%),,10.54,-52.49,-40.68,35,融資大增⚠️,20.0,-0.05,✅ 正流入,0.1037,⚠️ 高風險 (財務虛胖),✅ 健康 (穩定),🛑 D級：高風險 (財務虛胖),370.5,📈 Accumulate,Bull,0.534,⚠️ 弱勢,12.51,0.3,2.73,24.6,88.0,🏆 SSS級：雙拐點確認,10.5,True,5.24,True,0.06,6.91,0.0,True,65.0,⚠️ B：需留意,4.0,,0.0,False,,,,,,,,,,13.333333333333334,35.0,94.11764705882352,83.0,50.0,-20.0,29.023529411764706,0
5269.TW,祥碩,31,🛑 F級：避開,0.01,-35.1,-38.93,-3.83,🛑 極弱 (<-15%),,7.52,-54.9,-50.78,45,融券大減,45.0,0.59,✅ 正流入,0.0277,✅ 健康,⚠️ 高風險 (積壓),⚠️ C級：警示,1985.0,📈 Accumulate,Bull,0.459,⚠️ 弱勢,19.3,2.4,2.88,2.2,55.0,✅ B級：趨勢改善,52.58,False,31.86,True,-0.73,-6.49,0.0,False,85.0,⭐ AA：財務健康,4.0,,0.0,False,,,,,,,,,,0.0,65.0,52.94117647058824,88.0,50.0,-25.0,20.038235294117648,0
4961.TW,天鈺,31,🛑 F級：避開,0.05,-31.13,-36.06,-4.93,🛑 極弱 (<-15%),,0.68,-52.63,-49.3,45,融券大減,65.0,0.79,✅ 正流入,-0.0509,🏆 優秀 (現金流強勁),✅ 健康 (穩定),⚠️ C級：警示,233.0,📈 Accumulate,Bull,0.512,⚠️ 弱勢,12.17,24.2,1.02,5.8,68.0,⭐ A級：轉型初期,28.71,False,8.89,True,-10.75,4.22,0.0,True,65.0,⚠️ B：需留意,3.0,,0.0,False,,,,,,,,,,0.0,65.0,64.70588235294117,83.0,50.0,-20.0,26.641176470588235,0
2206.TW,三陽工業,30,🛑 F級：避開,0.04,-14.75,-13.92,0.83,⚠️ 弱勢 (-15~-5%),,40.35,-32.65,-30.82,60,融券大增🎯,30.0,0.68,✅ 正流入,0.0267,✅ 健康,⚡ 留意 (微升),🛑 D級：高風險,71.0,📈 Accumulate,Bull,0.625,⚠️ 弱勢,10.1,5.8,1.91,32.4,53.0,✅ B級：趨勢改善,21.49,False,9.85,False,2.62,4.26,0.0,True,65.0,⚠️ B：需留意,3.0,,0.0,False,,,,,,,,,,4.0,55.0,58.82352941176471,83.0,57.0,-5.0,39.86470588235294,0
9933.TW,中鼎,30,🛑 F級：避開,-0.07,-20.68,-20.36,0.32,🛑 極弱 (<-15%),,-9.06,-53.85,-42.67,53,融資減少 / 融券大減,60.0,-1.72,⚠️ 負流出 (擴產),0.0244,✅ 健康,✅ 健康 (穩定),⚠️ C級：警示,41.9,📉 Trim,Bull,0.646,⚠️ 弱勢,97.81,87.6,1.58,34.4,58.0,✅ B級：趨勢改善,9.33,False,2.68,False,-1.92,5.87,0.0,True,65.0,⚠️ B：需留意,3.0,,0.0,False,,,,,,,,,,4.0,55.0,47.05882352941176,53.0,55.0,-20.0,17.811764705882354,0
2353.TW,宏碁,29,🛑 F級：避開,0.01,-28.6,-29.34,-0.74,🛑 極弱 (<-15%),,12.8,-57.09,-54.1,52,融資增加 / 融券大增🎯,50.0,0.27,✅ 正流入,0.0115,✅ 健康,✅ 健康 (穩定),⚠️ C級：警示,46.0,📈 Accumulate,Bull,0.604,⚠️ 弱勢,19.46,14.6,1.1,5.2,93.0,⭐ A級：持續性擴張,10.63,False,1.63,False,1.02,25.71,0.0,True,65.0,⚠️ B：需留意,3.0,,0.0,False,,,,,,,,,,0.0,55.0,58.82352941176471,88.0,55.0,-25.0,19.214705882352945,0
2204.TW,中華,29,🛑 F級：避開,0.0,-28.48,-31.92,-3.44,🛑 極弱 (<-15%),,-0.15,-64.47,-61.97,45,融券大減,50.0,0.04,✅ 正流入,0.0385,✅ 健康,⚠️ 高風險 (積壓),⚠️ C級：警示,116.0,📈 Accumulate,Bull,0.662,⚠️ 弱勢,10.81,6.7,0.85,9.5,53.0,✅ B級：趨勢改善,16.88,False,3.92,False,3.63,3.97,0.0,True,65.0,⚠️ B：需留意,3.0,,0.0,False,,,,,,,,,,0.0,55.0,58.82352941176471,88.0,50.0,-30.0,13.714705882352945,0
4919.TW,新唐,29,🛑 F級：避開,-0.0,-43.03,-34.07,8.96,🛑 極弱 (<-15%),,6.78,-62.42,-55.02,60,融券大增🎯,60.0,,⚠️ 負流出 (擴產),0.0023,✅ 健康,✅ 健康 (改善),⚠️ C級：警示,128.5,📉 Trim,Bull,0.652,⚠️ 弱勢,140.19,71.7,1.81,14.2,90.0,🏆 SSS級：雙拐點確認,37.42,True,-2.32,True,0.61,-1.76,0.0,False,65.0,⚠️ B：需留意,1.0,,0.0,False,,,,,,,,,,6.666666666666667,55.0,88.23529411764706,68.0,57.0,-30.0,19.29705882352941,0
2377.TW,微星,28,🛑 F級：避開,0.05,-47.2,-53.95,-6.75,🛑 極弱 (<-15%),,16.87,-55.32,-55.32,45,融券大減,80.0,1.28,✅ 正流入,-0.022,🏆 優秀 (現金流強勁),✅ 健康 (穩定),⭐ A級：質優生,193.0,📈 Accumulate,Bull,0.415,⚠️ 弱勢,16.57,26.6,1.46,0.0,53.0,✅ B級：趨勢改善,10.9,False,2.82,False,2.62,4.8,0.0,True,85.0,⭐ AA：財務健康,4.0,,0.0,False,,,,,,,,,,0.0,70.0,58.82352941176471,83.0,50.0,-25.0,21.714705882352945,0
8227.TW,巨有科技,27,🛑 F級：避開,0.0,-9.97,-12.38,-2.41,⚠️ 弱勢 (-15~-5%),,24.86,-73.8,-64.18,60,融券大增🎯,,,,,,,,,,,,,,,,,,,,,,,,,,,,,,,,,,,,,,,,,,6.666666666666667,65.0,35.294117647058826,61.0,57.0,-30.0,10.15882352941177,0
6446.TW,藥華藥,26,🛑 F級：避開,0.0,-35.22,9.55,44.77,🛑 極弱 (<-15%),,18.2,-42.22,-5.78,45,融資大增⚠️ / 融券大增🎯,85.0,0.98,✅ 正流入,-0.0143,🏆 優秀 (現金流強勁),🏆 優秀 (大幅改善),⭐ A級：質優生,311.5,📈 Accumulate,Bull,0.962,⚠️ 弱勢,50.9,12.8,8.22,72.7,83.0,⭐ A級：持續性擴張,89.39,False,31.31,False,0.48,4.22,0.0,True,85.0,⭐ AA：財務健康,5.0,,0.0,False,,,,,,,,,,20.0,80.0,55.294117647058826,73.0,50.0,-5.0,48.00882352941177,0
