Ticker,Company_Name,Composite_Score,Rating,FCF_Yield,FCF_Yield_Status,Momentum_12_1,Return_12M,Return_1M,Momentum_Status,GPM_Volatility,OPM_Volatility,Stability_Score,Stability_Status,Asset_Growth,Asset_Growth_Status,Max_Drawdown,Current_Drawdown,Drawdown_Status,Margin_Long_Change,Margin_Short_Change,Short_Long_Ratio,Margin_Sentiment,Margin_Score,Score_Details
2607.TW,榮運,64,✅ B級：穩健持有,0.04,⚡ 偏低 (0-2%),92.95,90.19,-2.77,🚀 極強動能 (>30%),,,,有效季數不足,-2.44,🏆 收縮 (<0%，謹慎經營),-24.43,-5.23,⚡ 中等 (-30~-20%),-35.34,0.0,0.12,融資大減✅,65,"{""fcf_yield_score"": 10, ""momentum_score"": 20, ""stability_score"": 0, ""asset_growth_score"": 15, ""drawdown_score"": 6, ""margin_trading_score"": 13}"
1802.TW,台玻,60,✅ B級：穩健持有,0.01,⚡ 偏低 (0-2%),172.59,221.95,49.36,🚀 極強動能 (>30%),,,,有效季數不足,-4.43,🏆 收縮 (<0%，謹慎經營),-42.18,-2.22,⚠️ 高波動 (-50~-30%),-3.71,29.62,16.98,融券增加,60,"{""fcf_yield_score"": 10, ""momentum_score"": 20, ""stability_score"": 0, ""asset_growth_score"": 15, ""drawdown_score"": 3, ""margin_trading_score"": 12}"
2474.TW,可成,60,✅ B級：穩健持有,0.01,⚡ 偏低 (0-2%),5.81,4.85,-0.96,✅ 正向 (5-15%),,,,有效季數不足,-8.44,🏆 收縮 (<0%，謹慎經營),-27.81,-15.95,⚡ 中等 (-30~-20%),-33.89,562.5,4.19,融資大減✅ / 融券大增🎯,75,"{""fcf_yield_score"": 10, ""momentum_score"": 14, ""stability_score"": 0, ""asset_growth_score"": 15, ""drawdown_score"": 6, ""margin_trading_score"": 15}"
3532.TW,台勝科,60,✅ B級：穩健持有,0.01,⚡ 偏低 (0-2%),49.04,61.64,12.61,🚀 極強動能 (>30%),,,,有效季數不足,-0.13,🏆 收縮 (<0%，謹慎經營),-66.16,-27.57,🛑 極高風險 (MDD<-50%),-31.46,161.36,4.16,融資大減✅ / 融券大增🎯,75,"{""fcf_yield_score"": 10, ""momentum_score"": 20, ""stability_score"": 0, ""asset_growth_score"": 15, ""drawdown_score"": 0, ""margin_trading_score"": 15}"
2884.TW,玉山金,59,✅ B級：穩健持有,0.03,⚡ 偏低 (0-2%),16.6,18.71,2.11,🔥 強勢 (15-30%),,,,有效季數不足,9.37,✅ 穩健 (0-10%),-16.75,-3.82,✅ 穩健 (-20~-10%),-46.79,-62.02,4.09,融資大減✅ / 融券大減,60,"{""fcf_yield_score"": 10, ""momentum_score"": 17, ""stability_score"": 0, ""asset_growth_score"": 12, ""drawdown_score"": 8, ""margin_trading_score"": 12}"
2449.TW,京元電子,58,✅ B級：穩健持有,0.02,⚡ 偏低 (0-2%),180.68,185.93,5.25,🚀 極強動能 (>30%),,,,有效季數不足,5.81,✅ 穩健 (0-10%),-48.53,-9.81,⚠️ 高波動 (-50~-30%),-21.15,-26.72,10.36,融資大減✅,65,"{""fcf_yield_score"": 10, ""momentum_score"": 20, ""stability_score"": 0, ""asset_growth_score"": 12, ""drawdown_score"": 3, ""margin_trading_score"": 13}"
2492.TW,華新科,57,✅ B級：穩健持有,0.04,⚡ 偏低 (0-2%),40.44,35.14,-5.3,🚀 極強動能 (>30%),,,,有效季數不足,-1.51,🏆 收縮 (<0%，謹慎經營),-48.05,-20.63,⚠️ 高波動 (-50~-30%),6.91,-42.35,1.34,融券大減,45,"{""fcf_yield_score"": 10, ""momentum_score"": 20, ""stability_score"": 0, ""asset_growth_score"": 15, ""drawdown_score"": 3, ""margin_trading_score"": 9}"
2890.TW,永豐金,57,✅ B級：穩健持有,0.06,⚡ 偏低 (0-2%),29.7,31.25,1.55,🔥 強勢 (15-30%),,,,有效季數不足,4.85,✅ 穩健 (0-10%),-29.91,0.0,⚡ 中等 (-30~-20%),-28.31,-56.06,3.2,融資大減✅ / 融券大減,60,"{""fcf_yield_score"": 10, ""momentum_score"": 17, ""stability_score"": 0, ""asset_growth_score"": 12, ""drawdown_score"": 6, ""margin_trading_score"": 12}"
6239.TW,力成,57,✅ B級：穩健持有,0.04,⚡ 偏低 (0-2%),102.08,120.81,18.73,🚀 極強動能 (>30%),,,,有效季數不足,4.26,✅ 穩健 (0-10%),-50.75,-7.4,🛑 極高風險 (MDD<-50%),-29.51,66.1,3.9,融資大減✅ / 融券大增🎯,75,"{""fcf_yield_score"": 10, ""momentum_score"": 20, ""stability_score"": 0, ""asset_growth_score"": 12, ""drawdown_score"": 0, ""margin_trading_score"": 15}"
2412.TW,中華電,57,✅ B級：穩健持有,0.03,⚡ 偏低 (0-2%),6.38,6.0,-0.38,✅ 正向 (5-15%),,,,有效季數不足,0.68,✅ 穩健 (0-10%),-7.42,-3.99,🏆 低波動 (MDD>-10%),5.33,25.0,4.68,融券增加,55,"{""fcf_yield_score"": 10, ""momentum_score"": 14, ""stability_score"": 0, ""asset_growth_score"": 12, ""drawdown_score"": 10, ""margin_trading_score"": 11}"
1303.TW,南亞,57,✅ B級：穩健持有,0.01,⚡ 偏低 (0-2%),129.12,144.26,15.15,🚀 極強動能 (>30%),,,,有效季數不足,-6.88,🏆 收縮 (<0%，謹慎經營),-56.74,-8.81,🛑 極高風險 (MDD<-50%),2.96,35.88,9.82,融券大增🎯,60,"{""fcf_yield_score"": 10, ""momentum_score"": 20, ""stability_score"": 0, ""asset_growth_score"": 15, ""drawdown_score"": 0, ""margin_trading_score"": 12}"
2303.TW,聯電,57,✅ B級：穩健持有,0.05,⚡ 偏低 (0-2%),39.69,53.37,13.68,🚀 極強動能 (>30%),,,,有效季數不足,-3.29,🏆 收縮 (<0%，謹慎經營),-30.85,-19.29,⚠️ 高波動 (-50~-30%),34.71,127.78,3.76,融資大增⚠️ / 融券大增🎯,45,"{""fcf_yield_score"": 10, ""momentum_score"": 20, ""stability_score"": 0, ""asset_growth_score"": 15, ""drawdown_score"": 3, ""margin_trading_score"": 9}"
2882.TW,國泰金,56,✅ B級：穩健持有,0.01,⚡ 偏低 (0-2%),16.04,16.56,0.53,🔥 強勢 (15-30%),,,,有效季數不足,6.99,✅ 穩健 (0-10%),-29.39,-1.81,⚡ 中等 (-30~-20%),-9.52,1.19,23.58,➡️ 中性,55,"{""fcf_yield_score"": 10, ""momentum_score"": 17, ""stability_score"": 0, ""asset_growth_score"": 12, ""drawdown_score"": 6, ""margin_trading_score"": 11}"
2451.TW,創見,56,✅ B級：穩健持有,-0.0,⚠️ 負值 (-5~0%),165.33,157.34,-7.98,🚀 極強動能 (>30%),,,,有效季數不足,-1.98,🏆 收縮 (<0%，謹慎經營),-40.98,-17.82,⚠️ 高波動 (-50~-30%),-22.25,-29.44,2.7,融資大減✅,65,"{""fcf_yield_score"": 5, ""momentum_score"": 20, ""stability_score"": 0, ""asset_growth_score"": 15, ""drawdown_score"": 3, ""margin_trading_score"": 13}"
2880.TW,華南金,55,✅ B級：穩健持有,0.01,⚡ 偏低 (0-2%),14.03,20.86,6.84,✅ 正向 (5-15%),,,,有效季數不足,1.31,✅ 穩健 (0-10%),-12.5,-0.44,✅ 穩健 (-20~-10%),-17.91,11.11,14.16,融資減少,58,"{""fcf_yield_score"": 10, ""momentum_score"": 14, ""stability_score"": 0, ""asset_growth_score"": 12, ""drawdown_score"": 8, ""margin_trading_score"": 11}"
6213.TW,聯茂,55,✅ B級：穩健持有,0.02,⚡ 偏低 (0-2%),63.31,65.95,2.64,🚀 極強動能 (>30%),,,,有效季數不足,-4.6,🏆 收縮 (<0%，謹慎經營),-64.33,-14.96,🛑 極高風險 (MDD<-50%),-5.21,-3.3,2.61,➡️ 中性,50,"{""fcf_yield_score"": 10, ""momentum_score"": 20, ""stability_score"": 0, ""asset_growth_score"": 15, ""drawdown_score"": 0, ""margin_trading_score"": 10}"
3481.TW,群創,55,✅ B級：穩健持有,0.04,⚡ 偏低 (0-2%),64.88,63.3,-1.58,🚀 極強動能 (>30%),,,,有效季數不足,-7.17,🏆 收縮 (<0%，謹慎經營),-33.93,-24.31,⚠️ 高波動 (-50~-30%),22.12,-25.2,4.37,融資大增⚠️,35,"{""fcf_yield_score"": 10, ""momentum_score"": 20, ""stability_score"": 0, ""asset_growth_score"": 15, ""drawdown_score"": 3, ""margin_trading_score"": 7}"
2344.TW,華邦電,54,➡️ C級：中性觀望,0.01,⚡ 偏低 (0-2%),633.29,629.54,-3.76,🚀 極強動能 (>30%),,,,有效季數不足,-1.96,🏆 收縮 (<0%，謹慎經營),-52.24,-21.15,🛑 極高風險 (MDD<-50%),5.48,-46.0,10.29,融券大減,45,"{""fcf_yield_score"": 10, ""momentum_score"": 20, ""stability_score"": 0, ""asset_growth_score"": 15, ""drawdown_score"": 0, ""margin_trading_score"": 9}"
4958.TW,臻鼎-KY,54,➡️ C級：中性觀望,0.07,⚡ 偏低 (0-2%),40.2,68.14,27.95,🚀 極強動能 (>30%),,,,有效季數不足,5.82,✅ 穩健 (0-10%),-44.29,-4.52,⚠️ 高波動 (-50~-30%),135.75,141.9,0.89,融資大增⚠️ / 融券大增🎯,45,"{""fcf_yield_score"": 10, ""momentum_score"": 20, ""stability_score"": 0, ""asset_growth_score"": 12, ""drawdown_score"": 3, ""margin_trading_score"": 9}"
2606.TW,裕民,54,➡️ C級：中性觀望,0.06,⚡ 偏低 (0-2%),8.37,9.03,0.65,✅ 正向 (5-15%),,,,有效季數不足,-3.68,🏆 收縮 (<0%，謹慎經營),-37.28,-18.41,⚠️ 高波動 (-50~-30%),-2.61,158.12,5.59,融券大增🎯,60,"{""fcf_yield_score"": 10, ""momentum_score"": 14, ""stability_score"": 0, ""asset_growth_score"": 15, ""drawdown_score"": 3, ""margin_trading_score"": 12}"
2409.TW,友達,54,➡️ C級：中性觀望,0.07,⚡ 偏低 (0-2%),22.14,15.56,-6.59,🔥 強勢 (15-30%),,,,有效季數不足,-2.63,🏆 收縮 (<0%，謹慎經營),-46.33,-21.01,⚠️ 高波動 (-50~-30%),32.42,136.23,8.39,融資大增⚠️ / 融券大增🎯,45,"{""fcf_yield_score"": 10, ""momentum_score"": 17, ""stability_score"": 0, ""asset_growth_score"": 15, ""drawdown_score"": 3, ""margin_trading_score"": 9}"
8046.TW,南電,54,➡️ C級：中性觀望,0.0,⚡ 偏低 (0-2%),142.35,206.95,64.6,🚀 極強動能 (>30%),,,,有效季數不足,-6.49,🏆 收縮 (<0%，謹慎經營),-66.77,-3.05,🛑 極高風險 (MDD<-50%),-43.56,-17.51,15.65,融資大減✅,70,"{""fcf_yield_score"": 5, ""momentum_score"": 20, ""stability_score"": 0, ""asset_growth_score"": 15, ""drawdown_score"": 0, ""margin_trading_score"": 14}"
2889.TW,國票金,54,➡️ C級：中性觀望,0.11,⚡ 偏低 (0-2%),16.09,15.79,-0.3,🔥 強勢 (15-30%),,,,有效季數不足,3.21,✅ 穩健 (0-10%),-31.49,-4.35,⚠️ 高波動 (-50~-30%),-35.42,-36.36,1.08,融資大減✅ / 融券大減,60,"{""fcf_yield_score"": 10, ""momentum_score"": 17, ""stability_score"": 0, ""asset_growth_score"": 12, ""drawdown_score"": 3, ""margin_trading_score"": 12}"
2301.TW,光寶科,54,➡️ C級：中性觀望,0.02,⚡ 偏低 (0-2%),54.18,55.4,1.22,🚀 極強動能 (>30%),,,,有效季數不足,3.54,✅ 穩健 (0-10%),-42.02,-15.13,⚠️ 高波動 (-50~-30%),2.33,-52.25,0.93,融券大減,45,"{""fcf_yield_score"": 10, ""momentum_score"": 20, ""stability_score"": 0, ""asset_growth_score"": 12, ""drawdown_score"": 3, ""margin_trading_score"": 9}"
3044.TW,健鼎,54,➡️ C級：中性觀望,0.02,⚡ 偏低 (0-2%),79.2,103.61,24.41,🚀 極強動能 (>30%),,,,有效季數不足,7.19,✅ 穩健 (0-10%),-37.82,-5.28,⚠️ 高波動 (-50~-30%),1.0,-31.34,0.71,融券大減,45,"{""fcf_yield_score"": 10, ""momentum_score"": 20, ""stability_score"": 0, ""asset_growth_score"": 12, ""drawdown_score"": 3, ""margin_trading_score"": 9}"
6505.TW,台塑化,54,➡️ C級：中性觀望,0.02,⚡ 偏低 (0-2%),45.46,49.55,4.09,🚀 極強動能 (>30%),,,,有效季數不足,-2.06,🏆 收縮 (<0%，謹慎經營),-58.34,-33.18,🛑 極高風險 (MDD<-50%),3.15,-36.05,1.7,融券大減,45,"{""fcf_yield_score"": 10, ""momentum_score"": 20, ""stability_score"": 0, ""asset_growth_score"": 15, ""drawdown_score"": 0, ""margin_trading_score"": 9}"
1326.TW,台化,53,➡️ C級：中性觀望,0.04,⚡ 偏低 (0-2%),27.19,51.03,23.85,🔥 強勢 (15-30%),,,,有效季數不足,-9.34,🏆 收縮 (<0%，謹慎經營),-61.88,-30.72,🛑 極高風險 (MDD<-50%),-18.27,2.29,5.32,融資減少,58,"{""fcf_yield_score"": 10, ""momentum_score"": 17, ""stability_score"": 0, ""asset_growth_score"": 15, ""drawdown_score"": 0, ""margin_trading_score"": 11}"
1301.TW,台塑,53,➡️ C級：中性觀望,0.02,⚡ 偏低 (0-2%),22.71,38.82,16.11,🔥 強勢 (15-30%),,,,有效季數不足,-6.18,🏆 收縮 (<0%，謹慎經營),-57.38,-36.04,🛑 極高風險 (MDD<-50%),-11.11,11.74,6.05,融資減少,58,"{""fcf_yield_score"": 10, ""momentum_score"": 17, ""stability_score"": 0, ""asset_growth_score"": 15, ""drawdown_score"": 0, ""margin_trading_score"": 11}"
2812.TW,台中銀,53,➡️ C級：中性觀望,0.08,⚡ 偏低 (0-2%),12.02,10.81,-1.2,✅ 正向 (5-15%),,,,有效季數不足,6.28,✅ 穩健 (0-10%),-17.63,-14.05,✅ 穩健 (-20~-10%),2.44,-90.91,0.03,融券大減,45,"{""fcf_yield_score"": 10, ""momentum_score"": 14, ""stability_score"": 0, ""asset_growth_score"": 12, ""drawdown_score"": 8, ""margin_trading_score"": 9}"
2308.TW,台達電,53,➡️ C級：中性觀望,0.01,⚡ 偏低 (0-2%),178.02,189.67,11.65,🚀 極強動能 (>30%),,,,有效季數不足,13.02,⚡ 適度擴張 (10-20%),-35.89,-10.16,⚠️ 高波動 (-50~-30%),-17.66,-7.42,11.65,融資減少,58,"{""fcf_yield_score"": 10, ""momentum_score"": 20, ""stability_score"": 0, ""asset_growth_score"": 9, ""drawdown_score"": 3, ""margin_trading_score"": 11}"
3045.TW,台灣大,52,➡️ C級：中性觀望,0.04,⚡ 偏低 (0-2%),-4.8,-6.67,-1.87,➡️ 中性 (-5~5%),,,,有效季數不足,-1.63,🏆 收縮 (<0%，謹慎經營),-12.93,-11.76,✅ 穩健 (-20~-10%),29.42,137.93,4.74,融資大增⚠️ / 融券大增🎯,45,"{""fcf_yield_score"": 10, ""momentum_score"": 10, ""stability_score"": 0, ""asset_growth_score"": 15, ""drawdown_score"": 8, ""margin_trading_score"": 9}"
6770.TW,力積電,52,➡️ C級：中性觀望,0.01,⚡ 偏低 (0-2%),209.09,236.73,27.64,🚀 極強動能 (>30%),,,,有效季數不足,-6.87,🏆 收縮 (<0%，謹慎經營),-57.01,-9.64,🛑 極高風險 (MDD<-50%),11.57,-100.0,0.0,融資增加 / 融券大減,37,"{""fcf_yield_score"": 10, ""momentum_score"": 20, ""stability_score"": 0, ""asset_growth_score"": 15, ""drawdown_score"": 0, ""margin_trading_score"": 7}"
2633.TW,台灣高鐵,52,➡️ C級：中性觀望,0.05,⚡ 偏低 (0-2%),3.06,0.37,-2.69,➡️ 中性 (-5~5%),,,,有效季數不足,-1.91,🏆 收縮 (<0%，謹慎經營),-17.24,-11.87,✅ 穩健 (-20~-10%),5.57,-100.0,0.0,融券大減,45,"{""fcf_yield_score"": 10, ""momentum_score"": 10, ""stability_score"": 0, ""asset_growth_score"": 15, ""drawdown_score"": 8, ""margin_trading_score"": 9}"
2885.TW,元大金,52,➡️ C級：中性觀望,-0.01,⚠️ 負值 (-5~0%),17.57,23.91,6.34,🔥 強勢 (15-30%),,,,有效季數不足,8.77,✅ 穩健 (0-10%),-26.61,-0.7,⚡ 中等 (-30~-20%),-42.34,-46.43,2.19,融資大減✅ / 融券大減,60,"{""fcf_yield_score"": 5, ""momentum_score"": 17, ""stability_score"": 0, ""asset_growth_score"": 12, ""drawdown_score"": 6, ""margin_trading_score"": 12}"
4904.TW,遠傳,52,➡️ C級：中性觀望,0.04,⚡ 偏低 (0-2%),-0.91,1.11,2.02,➡️ 中性 (-5~5%),,,,有效季數不足,-3.17,🏆 收縮 (<0%，謹慎經營),-13.87,-4.61,✅ 穩健 (-20~-10%),-4.82,-100.0,0.0,融券大減,45,"{""fcf_yield_score"": 10, ""momentum_score"": 10, ""stability_score"": 0, ""asset_growth_score"": 15, ""drawdown_score"": 8, ""margin_trading_score"": 9}"
2313.TW,華通,52,➡️ C級：中性觀望,0.02,⚡ 偏低 (0-2%),103.02,162.3,59.28,🚀 極強動能 (>30%),,,,有效季數不足,2.52,✅ 穩健 (0-10%),-51.11,-8.33,🛑 極高風險 (MDD<-50%),3.7,-1.26,5.46,➡️ 中性,50,"{""fcf_yield_score"": 10, ""momentum_score"": 20, ""stability_score"": 0, ""asset_growth_score"": 12, ""drawdown_score"": 0, ""margin_trading_score"": 10}"
2809.TW,京城銀,52,➡️ C級：中性觀望,0.04,⚡ 偏低 (0-2%),7.98,10.33,2.35,✅ 正向 (5-15%),,,,有效季數不足,-5.05,🏆 收縮 (<0%，謹慎經營),-34.41,-16.76,⚠️ 高波動 (-50~-30%),,,,無籌碼資料,50,"{""fcf_yield_score"": 10, ""momentum_score"": 14, ""stability_score"": 0, ""asset_growth_score"": 15, ""drawdown_score"": 3, ""margin_trading_score"": 10}"
1795.TW,美時,52,➡️ C級：中性觀望,0.03,⚡ 偏低 (0-2%),10.84,35.4,24.56,✅ 正向 (5-15%),,,,有效季數不足,6.35,✅ 穩健 (0-10%),-48.54,-3.58,⚠️ 高波動 (-50~-30%),-12.8,64.44,2.15,融資減少 / 融券大增🎯,68,"{""fcf_yield_score"": 10, ""momentum_score"": 14, ""stability_score"": 0, ""asset_growth_score"": 12, ""drawdown_score"": 3, ""margin_trading_score"": 13}"
2707.TW,晶華,52,➡️ C級：中性觀望,0.05,⚡ 偏低 (0-2%),-3.35,-2.82,0.53,➡️ 中性 (-5~5%),,,,有效季數不足,-9.77,🏆 收縮 (<0%，謹慎經營),-28.82,-25.69,⚡ 中等 (-30~-20%),-14.95,,0.0,融資減少,58,"{""fcf_yield_score"": 10, ""momentum_score"": 10, ""stability_score"": 0, ""asset_growth_score"": 15, ""drawdown_score"": 6, ""margin_trading_score"": 11}"
3711.TW,日月光投控,52,➡️ C級：中性觀望,0.03,⚡ 偏低 (0-2%),77.04,80.32,3.27,🚀 極強動能 (>30%),,,,有效季數不足,17.9,⚡ 適度擴張 (10-20%),-40.57,-9.55,⚠️ 高波動 (-50~-30%),-1.52,-1.43,9.49,➡️ 中性,50,"{""fcf_yield_score"": 10, ""momentum_score"": 20, ""stability_score"": 0, ""asset_growth_score"": 9, ""drawdown_score"": 3, ""margin_trading_score"": 10}"
2637.TW,慧洋-KY,51,➡️ C級：中性觀望,0.06,⚡ 偏低 (0-2%),12.08,12.52,0.44,✅ 正向 (5-15%),,,,有效季數不足,-12.31,🏆 收縮 (<0%，謹慎經營),-40.92,-20.0,⚠️ 高波動 (-50~-30%),-4.82,-49.06,2.22,融券大減,45,"{""fcf_yield_score"": 10, ""momentum_score"": 14, ""stability_score"": 0, ""asset_growth_score"": 15, ""drawdown_score"": 3, ""margin_trading_score"": 9}"
2330.TW,台積電,51,➡️ C級：中性觀望,0.02,⚡ 偏低 (0-2%),55.81,61.19,5.37,🚀 極強動能 (>30%),,,,有效季數不足,19.28,⚡ 適度擴張 (10-20%),-30.84,-3.02,⚠️ 高波動 (-50~-30%),5.25,-30.52,1.03,融券大減,45,"{""fcf_yield_score"": 10, ""momentum_score"": 20, ""stability_score"": 0, ""asset_growth_score"": 9, ""drawdown_score"": 3, ""margin_trading_score"": 9}"
3037.TW,欣興,51,➡️ C級：中性觀望,0.01,⚡ 偏低 (0-2%),139.1,200.82,61.73,🚀 極強動能 (>30%),,,,有效季數不足,4.13,✅ 穩健 (0-10%),-67.33,-5.8,🛑 極高風險 (MDD<-50%),35.81,139.01,11.88,融資大增⚠️ / 融券大增🎯,45,"{""fcf_yield_score"": 10, ""momentum_score"": 20, ""stability_score"": 0, ""asset_growth_score"": 12, ""drawdown_score"": 0, ""margin_trading_score"": 9}"
3443.TW,創意,51,➡️ C級：中性觀望,0.0,⚡ 偏低 (0-2%),83.97,77.95,-6.02,🚀 極強動能 (>30%),,,,有效季數不足,8.11,✅ 穩健 (0-10%),-49.23,-14.13,⚠️ 高波動 (-50~-30%),-17.92,-24.68,4.53,融資減少,58,"{""fcf_yield_score"": 5, ""momentum_score"": 20, ""stability_score"": 0, ""asset_growth_score"": 12, ""drawdown_score"": 3, ""margin_trading_score"": 11}"
2241.TW,原相,50,➡️ C級：中性觀望,-0.0,⚠️ 負值 (-5~0%),16.27,3.59,-12.68,🔥 強勢 (15-30%),,,,有效季數不足,-12.77,🏆 收縮 (<0%，謹慎經營),-60.98,-44.1,🛑 極高風險 (MDD<-50%),-28.94,-5.36,1.96,融資大減✅,65,"{""fcf_yield_score"": 5, ""momentum_score"": 17, ""stability_score"": 0, ""asset_growth_score"": 15, ""drawdown_score"": 0, ""margin_trading_score"": 13}"
2337.TW,旺宏,50,➡️ C級：中性觀望,0.0,⚡ 偏低 (0-2%),322.53,375.14,52.6,🚀 極強動能 (>30%),,,,有效季數不足,-3.3,🏆 收縮 (<0%，謹慎經營),-42.69,-5.28,⚠️ 高波動 (-50~-30%),20.49,-27.03,8.61,融資大增⚠️,35,"{""fcf_yield_score"": 5, ""momentum_score"": 20, ""stability_score"": 0, ""asset_growth_score"": 15, ""drawdown_score"": 3, ""margin_trading_score"": 7}"
1605.TW,華新,50,➡️ C級：中性觀望,0.01,⚡ 偏低 (0-2%),63.49,54.91,-8.58,🚀 極強動能 (>30%),,,,有效季數不足,9.34,✅ 穩健 (0-10%),-55.94,-18.17,🛑 極高風險 (MDD<-50%),39.71,26.21,2.84,融資大增⚠️ / 融券增加,40,"{""fcf_yield_score"": 10, ""momentum_score"": 20, ""stability_score"": 0, ""asset_growth_score"": 12, ""drawdown_score"": 0, ""margin_trading_score"": 8}"
2891.TW,中信金,50,➡️ C級：中性觀望,-0.01,⚠️ 負值 (-5~0%),28.31,33.08,4.76,🔥 強勢 (15-30%),,,,有效季數不足,3.93,✅ 穩健 (0-10%),-21.54,-0.58,⚡ 中等 (-30~-20%),-5.48,5.79,12.96,➡️ 中性,50,"{""fcf_yield_score"": 5, ""momentum_score"": 17, ""stability_score"": 0, ""asset_growth_score"": 12, ""drawdown_score"": 6, ""margin_trading_score"": 10}"
2002.TW,中鋼,50,➡️ C級：中性觀望,0.06,⚡ 偏低 (0-2%),-0.82,6.89,7.71,➡️ 中性 (-5~5%),,,,有效季數不足,-3.28,🏆 收縮 (<0%，謹慎經營),-32.25,-19.58,⚠️ 高波動 (-50~-30%),-1.6,105.39,1.38,融券大增🎯,60,"{""fcf_yield_score"": 10, ""momentum_score"": 10, ""stability_score"": 0, ""asset_growth_score"": 15, ""drawdown_score"": 3, ""margin_trading_score"": 12}"
2408.TW,南亞科,49,➡️ C級：中性觀望,-0.0,⚠️ 負值 (-5~0%),895.07,909.17,14.11,🚀 極強動能 (>30%),,,,有效季數不足,-0.53,🏆 收縮 (<0%，謹慎經營),-65.91,-15.77,🛑 極高風險 (MDD<-50%),8.72,-42.45,5.45,融券大減,45,"{""fcf_yield_score"": 5, ""momentum_score"": 20, ""stability_score"": 0, ""asset_growth_score"": 15, ""drawdown_score"": 0, ""margin_trading_score"": 9}"
2881.TW,富邦金,49,➡️ C級：中性觀望,0.03,⚡ 偏低 (0-2%),6.25,3.54,-2.71,✅ 正向 (5-15%),,,,有效季數不足,4.97,✅ 穩健 (0-10%),-23.54,-4.79,⚡ 中等 (-30~-20%),18.01,-65.71,1.7,融資增加 / 融券大減,37,"{""fcf_yield_score"": 10, ""momentum_score"": 14, ""stability_score"": 0, ""asset_growth_score"": 12, ""drawdown_score"": 6, ""margin_trading_score"": 7}"
1504.TW,東元,49,➡️ C級：中性觀望,0.01,⚡ 偏低 (0-2%),48.33,44.83,-3.51,🚀 極強動能 (>30%),,,,有效季數不足,11.25,⚡ 適度擴張 (10-20%),-33.81,-33.22,⚠️ 高波動 (-50~-30%),29.3,-26.65,1.16,融資大增⚠️,35,"{""fcf_yield_score"": 10, ""momentum_score"": 20, ""stability_score"": 0, ""asset_growth_score"": 9, ""drawdown_score"": 3, ""margin_trading_score"": 7}"
2615.TW,萬海,49,➡️ C級：中性觀望,0.12,⚡ 偏低 (0-2%),11.7,4.62,-7.08,✅ 正向 (5-15%),,,,有效季數不足,1.58,✅ 穩健 (0-10%),-43.16,-40.87,⚠️ 高波動 (-50~-30%),-0.2,-16.22,8.66,➡️ 中性,50,"{""fcf_yield_score"": 10, ""momentum_score"": 14, ""stability_score"": 0, ""asset_growth_score"": 12, ""drawdown_score"": 3, ""margin_trading_score"": 10}"
2886.TW,兆豐金,49,➡️ C級：中性觀望,0.02,⚡ 偏低 (0-2%),4.19,2.58,-1.61,➡️ 中性 (-5~5%),,,,有效季數不足,4.18,✅ 穩健 (0-10%),-17.9,-8.31,✅ 穩健 (-20~-10%),9.82,-31.25,1.67,融券大減,45,"{""fcf_yield_score"": 10, ""momentum_score"": 10, ""stability_score"": 0, ""asset_growth_score"": 12, ""drawdown_score"": 8, ""margin_trading_score"": 9}"
6515.TW,穎崴,49,➡️ C級：中性觀望,0.0,⚡ 偏低 (0-2%),250.89,284.78,33.89,🚀 極強動能 (>30%),,,,有效季數不足,11.17,⚡ 適度擴張 (10-20%),-52.11,-2.85,🛑 極高風險 (MDD<-50%),-45.94,-16.17,42.04,融資大減✅ / 高券資比🔥,75,"{""fcf_yield_score"": 5, ""momentum_score"": 20, ""stability_score"": 0, ""asset_growth_score"": 9, ""drawdown_score"": 0, ""margin_trading_score"": 15}"
2317.TW,鴻海,49,➡️ C級：中性觀望,0.02,⚡ 偏低 (0-2%),40.25,30.61,-9.64,🚀 極強動能 (>30%),,,,有效季數不足,14.56,⚡ 適度擴張 (10-20%),-50.33,-17.75,🛑 極高風險 (MDD<-50%),3.9,-20.8,2.6,➡️ 中性,50,"{""fcf_yield_score"": 10, ""momentum_score"": 20, ""stability_score"": 0, ""asset_growth_score"": 9, ""drawdown_score"": 0, ""margin_trading_score"": 10}"
2801.TW,彰銀,48,➡️ C級：中性觀望,-0.06,⚠️ 負值 (-5~0%),13.02,13.26,0.24,✅ 正向 (5-15%),,,,有效季數不足,5.94,✅ 穩健 (0-10%),-13.68,-3.07,✅ 穩健 (-20~-10%),-5.36,-43.4,0.32,融券大減,45,"{""fcf_yield_score"": 5, ""momentum_score"": 14, ""stability_score"": 0, ""asset_growth_score"": 12, ""drawdown_score"": 8, ""margin_trading_score"": 9}"
2892.TW,第一金,48,➡️ C級：中性觀望,-0.01,⚠️ 負值 (-5~0%),7.45,5.61,-1.85,✅ 正向 (5-15%),,,,有效季數不足,5.86,✅ 穩健 (0-10%),-17.29,-5.04,✅ 穩健 (-20~-10%),-0.04,-80.43,0.11,融券大減,45,"{""fcf_yield_score"": 5, ""momentum_score"": 14, ""stability_score"": 0, ""asset_growth_score"": 12, ""drawdown_score"": 8, ""margin_trading_score"": 9}"
3036.TW,文曄,48,➡️ C級：中性觀望,0.08,⚡ 偏低 (0-2%),46.28,51.71,5.42,🚀 極強動能 (>30%),,,,有效季數不足,16.77,⚡ 適度擴張 (10-20%),-54.02,-11.4,🛑 極高風險 (MDD<-50%),4.42,-75.23,1.11,融券大減,45,"{""fcf_yield_score"": 10, ""momentum_score"": 20, ""stability_score"": 0, ""asset_growth_score"": 9, ""drawdown_score"": 0, ""margin_trading_score"": 9}"
2883.TW,凱基金,48,➡️ C級：中性觀望,0.03,⚡ 偏低 (0-2%),4.08,9.52,5.44,➡️ 中性 (-5~5%),,,,有效季數不足,0.45,✅ 穩健 (0-10%),-24.4,-1.34,⚡ 中等 (-30~-20%),-12.55,-40.48,0.45,融資減少 / 融券大減,53,"{""fcf_yield_score"": 10, ""momentum_score"": 10, ""stability_score"": 0, ""asset_growth_score"": 12, ""drawdown_score"": 6, ""margin_trading_score"": 10}"
1590.TW,亞德客-KY,48,➡️ C級：中性觀望,0.02,⚡ 偏低 (0-2%),17.39,44.43,27.04,🔥 強勢 (15-30%),,,,有效季數不足,2.04,✅ 穩健 (0-10%),-44.21,0.0,⚠️ 高波動 (-50~-30%),125.52,-50.0,0.31,融資大增⚠️ / 融券大減,30,"{""fcf_yield_score"": 10, ""momentum_score"": 17, ""stability_score"": 0, ""asset_growth_score"": 12, ""drawdown_score"": 3, ""margin_trading_score"": 6}"
2603.TW,長榮,48,➡️ C級：中性觀望,0.18,⚡ 偏低 (0-2%),0.0,-4.35,-4.35,➡️ 中性 (-5~5%),,,,有效季數不足,-1.66,🏆 收縮 (<0%，謹慎經營),-31.86,-28.21,⚠️ 高波動 (-50~-30%),-5.21,-16.52,1.67,➡️ 中性,50,"{""fcf_yield_score"": 10, ""momentum_score"": 10, ""stability_score"": 0, ""asset_growth_score"": 15, ""drawdown_score"": 3, ""margin_trading_score"": 10}"
8210.TW,勤誠,48,➡️ C級：中性觀望,0.01,⚡ 偏低 (0-2%),335.22,346.5,11.28,🚀 極強動能 (>30%),,,,有效季數不足,35.98,⚠️ 高速擴張 (20-40%),-45.16,0.0,⚠️ 高波動 (-50~-30%),-3.23,-3.18,10.61,➡️ 中性,50,"{""fcf_yield_score"": 10, ""momentum_score"": 20, ""stability_score"": 0, ""asset_growth_score"": 5, ""drawdown_score"": 3, ""margin_trading_score"": 10}"
1503.TW,士電,48,➡️ C級：中性觀望,0.01,⚡ 偏低 (0-2%),-2.12,21.2,23.32,➡️ 中性 (-5~5%),,,,有效季數不足,-1.44,🏆 收縮 (<0%，謹慎經營),-67.05,-38.61,🛑 極高風險 (MDD<-50%),-19.28,139.47,2.88,融資減少 / 融券大增🎯,68,"{""fcf_yield_score"": 10, ""momentum_score"": 10, ""stability_score"": 0, ""asset_growth_score"": 15, ""drawdown_score"": 0, ""margin_trading_score"": 13}"
1519.TW,華城,48,➡️ C級：中性觀望,0.01,⚡ 偏低 (0-2%),52.35,78.84,26.49,🚀 極強動能 (>30%),,,,有效季數不足,27.48,⚠️ 高速擴張 (20-40%),-68.33,-11.57,🛑 極高風險 (MDD<-50%),-28.56,2.42,8.79,融資大減✅,65,"{""fcf_yield_score"": 10, ""momentum_score"": 20, ""stability_score"": 0, ""asset_growth_score"": 5, ""drawdown_score"": 0, ""margin_trading_score"": 13}"
3665.TW,貿聯-KY,48,➡️ C級：中性觀望,0.01,⚡ 偏低 (0-2%),132.55,120.67,-11.89,🚀 極強動能 (>30%),,,,有效季數不足,28.07,⚠️ 高速擴張 (20-40%),-48.49,-25.0,⚠️ 高波動 (-50~-30%),5.28,-4.52,4.24,➡️ 中性,50,"{""fcf_yield_score"": 10, ""momentum_score"": 20, ""stability_score"": 0, ""asset_growth_score"": 5, ""drawdown_score"": 3, ""margin_trading_score"": 10}"
1402.TW,遠東新,47,➡️ C級：中性觀望,0.11,⚡ 偏低 (0-2%),-9.07,-7.29,1.78,⚠️ 弱勢 (-15~-5%),,,,有效季數不足,-1.03,🏆 收縮 (<0%，謹慎經營),-32.05,-26.67,⚠️ 高波動 (-50~-30%),-28.59,26.15,5.67,融資大減✅ / 融券增加,70,"{""fcf_yield_score"": 10, ""momentum_score"": 5, ""stability_score"": 0, ""asset_growth_score"": 15, ""drawdown_score"": 3, ""margin_trading_score"": 14}"
1216.TW,統一,47,➡️ C級：中性觀望,0.07,⚡ 偏低 (0-2%),-3.85,-6.51,-2.66,➡️ 中性 (-5~5%),,,,有效季數不足,1.73,✅ 穩健 (0-10%),-20.62,-18.74,⚡ 中等 (-30~-20%),25.65,200.0,2.52,融資大增⚠️ / 融券大增🎯,45,"{""fcf_yield_score"": 10, ""momentum_score"": 10, ""stability_score"": 0, ""asset_growth_score"": 12, ""drawdown_score"": 6, ""margin_trading_score"": 9}"
3376.TW,新日興,47,➡️ C級：中性觀望,0.02,⚡ 偏低 (0-2%),3.18,-5.34,-8.52,➡️ 中性 (-5~5%),,,,有效季數不足,-10.42,🏆 收縮 (<0%，謹慎經營),-43.34,-31.2,⚠️ 高波動 (-50~-30%),-6.89,-49.81,1.09,融券大減,45,"{""fcf_yield_score"": 10, ""momentum_score"": 10, ""stability_score"": 0, ""asset_growth_score"": 15, ""drawdown_score"": 3, ""margin_trading_score"": 9}"
2454.TW,聯發科,47,➡️ C級：中性觀望,0.02,⚡ 偏低 (0-2%),0.0,18.79,18.79,➡️ 中性 (-5~5%),,,,有效季數不足,1.67,✅ 穩健 (0-10%),-33.93,-1.67,⚠️ 高波動 (-50~-30%),-5.51,361.9,1.52,融券大增🎯,60,"{""fcf_yield_score"": 10, ""momentum_score"": 10, ""stability_score"": 0, ""asset_growth_score"": 12, ""drawdown_score"": 3, ""margin_trading_score"": 12}"
2480.TW,敦陽科,46,➡️ C級：中性觀望,0.01,⚡ 偏低 (0-2%),0.0,-6.71,-6.71,➡️ 中性 (-5~5%),,,,有效季數不足,10.31,⚡ 適度擴張 (10-20%),-26.91,-23.42,⚡ 中等 (-30~-20%),-10.07,,0.0,融資減少,58,"{""fcf_yield_score"": 10, ""momentum_score"": 10, ""stability_score"": 0, ""asset_growth_score"": 9, ""drawdown_score"": 6, ""margin_trading_score"": 11}"
2383.TW,台光電,46,➡️ C級：中性觀望,0.0,⚡ 偏低 (0-2%),233.73,257.14,23.42,🚀 極強動能 (>30%),,,,有效季數不足,38.51,⚠️ 高速擴張 (20-40%),-35.7,-4.41,⚠️ 高波動 (-50~-30%),-23.76,-2.56,3.53,融資大減✅,65,"{""fcf_yield_score"": 5, ""momentum_score"": 20, ""stability_score"": 0, ""asset_growth_score"": 5, ""drawdown_score"": 3, ""margin_trading_score"": 13}"
2368.TW,金像電,45,➡️ C級：中性觀望,0.01,⚡ 偏低 (0-2%),233.66,251.85,18.2,🚀 極強動能 (>30%),,,,有效季數不足,52.14,🚫 過度擴張 (>40%),-48.18,-4.64,⚠️ 高波動 (-50~-30%),-18.29,-18.47,22.22,融資減少,63,"{""fcf_yield_score"": 10, ""momentum_score"": 20, ""stability_score"": 0, ""asset_growth_score"": 0, ""drawdown_score"": 3, ""margin_trading_score"": 12}"
1102.TW,亞泥,45,➡️ C級：中性觀望,0.07,⚡ 偏低 (0-2%),-9.31,-13.25,-3.94,⚠️ 弱勢 (-15~-5%),,,,有效季數不足,-3.47,🏆 收縮 (<0%，謹慎經營),-27.96,-25.97,⚡ 中等 (-30~-20%),20.31,200.0,1.59,融資大增⚠️ / 融券大增🎯,45,"{""fcf_yield_score"": 10, ""momentum_score"": 5, ""stability_score"": 0, ""asset_growth_score"": 15, ""drawdown_score"": 6, ""margin_trading_score"": 9}"
5904.TW,寶雅,45,➡️ C級：中性觀望,0.05,⚡ 偏低 (0-2%),-5.67,-9.12,-3.45,⚠️ 弱勢 (-15~-5%),,,,有效季數不足,7.51,✅ 穩健 (0-10%),-28.75,-21.61,⚡ 中等 (-30~-20%),0.94,100.0,2.8,融券大增🎯,60,"{""fcf_yield_score"": 10, ""momentum_score"": 5, ""stability_score"": 0, ""asset_growth_score"": 12, ""drawdown_score"": 6, ""margin_trading_score"": 12}"
1513.TW,中興電,44,⚠️ D級：謹慎評估,0.03,⚡ 偏低 (0-2%),-3.0,9.67,12.67,➡️ 中性 (-5~5%),,,,有效季數不足,-1.72,🏆 收縮 (<0%，謹慎經營),-54.78,-30.15,🛑 極高風險 (MDD<-50%),33.68,161.29,0.71,融資大增⚠️ / 融券大增🎯,45,"{""fcf_yield_score"": 10, ""momentum_score"": 10, ""stability_score"": 0, ""asset_growth_score"": 15, ""drawdown_score"": 0, ""margin_trading_score"": 9}"
2015.TW,豐興,43,⚠️ D級：謹慎評估,0.05,⚡ 偏低 (0-2%),-8.79,-3.67,5.12,⚠️ 弱勢 (-15~-5%),,,,有效季數不足,-6.64,🏆 收縮 (<0%，謹慎經營),-36.0,-23.96,⚠️ 高波動 (-50~-30%),7.94,,0.0,➡️ 中性,50,"{""fcf_yield_score"": 10, ""momentum_score"": 5, ""stability_score"": 0, ""asset_growth_score"": 15, ""drawdown_score"": 3, ""margin_trading_score"": 10}"
6414.TW,樺漢,43,⚠️ D級：謹慎評估,0.13,⚡ 偏低 (0-2%),1.21,-0.53,-1.74,➡️ 中性 (-5~5%),,,,有效季數不足,9.19,✅ 穩健 (0-10%),-42.27,-24.67,⚠️ 高波動 (-50~-30%),13.54,-18.18,2.68,融資增加,42,"{""fcf_yield_score"": 10, ""momentum_score"": 10, ""stability_score"": 0, ""asset_growth_score"": 12, ""drawdown_score"": 3, ""margin_trading_score"": 8}"
9917.TW,中保科,43,⚠️ D級：謹慎評估,0.03,⚡ 偏低 (0-2%),-10.4,-13.17,-2.76,⚠️ 弱勢 (-15~-5%),,,,有效季數不足,7.67,✅ 穩健 (0-10%),-29.29,-28.96,⚡ 中等 (-30~-20%),7.29,,0.0,➡️ 中性,50,"{""fcf_yield_score"": 10, ""momentum_score"": 5, ""stability_score"": 0, ""asset_growth_score"": 12, ""drawdown_score"": 6, ""margin_trading_score"": 10}"
3661.TW,世芯-KY,43,⚠️ D級：謹慎評估,0.02,⚡ 偏低 (0-2%),11.82,0.0,-11.82,✅ 正向 (5-15%),,,,有效季數不足,4.0,✅ 穩健 (0-10%),-58.13,-26.75,🛑 極高風險 (MDD<-50%),10.43,-32.84,0.74,融資增加 / 融券大減,37,"{""fcf_yield_score"": 10, ""momentum_score"": 14, ""stability_score"": 0, ""asset_growth_score"": 12, ""drawdown_score"": 0, ""margin_trading_score"": 7}"
2345.TW,智邦,43,⚠️ D級：謹慎評估,0.01,⚡ 偏低 (0-2%),59.91,53.27,-6.64,🚀 極強動能 (>30%),,,,有效季數不足,98.72,🚫 過度擴張 (>40%),-44.02,-11.07,⚠️ 高波動 (-50~-30%),-7.11,-12.5,4.64,➡️ 中性,50,"{""fcf_yield_score"": 10, ""momentum_score"": 20, ""stability_score"": 0, ""asset_growth_score"": 0, ""drawdown_score"": 3, ""margin_trading_score"": 10}"
2207.TW,和泰車,43,⚠️ D級：謹慎評估,0.05,⚡ 偏低 (0-2%),-9.23,-13.46,-4.23,⚠️ 弱勢 (-15~-5%),,,,有效季數不足,0.96,✅ 穩健 (0-10%),-26.93,-26.93,⚡ 中等 (-30~-20%),6.14,,0.0,➡️ 中性,50,"{""fcf_yield_score"": 10, ""momentum_score"": 5, ""stability_score"": 0, ""asset_growth_score"": 12, ""drawdown_score"": 6, ""margin_trading_score"": 10}"
9904.TW,寶成,43,⚠️ D級：謹慎評估,0.06,⚡ 偏低 (0-2%),-14.21,-14.86,-0.64,⚠️ 弱勢 (-15~-5%),,,,有效季數不足,-3.73,🏆 收縮 (<0%，謹慎經營),-38.72,-29.5,⚠️ 高波動 (-50~-30%),-7.02,-14.58,0.58,➡️ 中性,50,"{""fcf_yield_score"": 10, ""momentum_score"": 5, ""stability_score"": 0, ""asset_growth_score"": 15, ""drawdown_score"": 3, ""margin_trading_score"": 10}"
1476.TW,儒鴻,43,⚠️ D級：謹慎評估,0.02,⚡ 偏低 (0-2%),-29.97,-23.8,6.17,🛑 極弱 (<-15%),,,,有效季數不足,-0.75,🏆 收縮 (<0%，謹慎經營),-44.74,-28.79,⚠️ 高波動 (-50~-30%),-30.77,280.0,6.6,融資大減✅ / 融券大增🎯,75,"{""fcf_yield_score"": 10, ""momentum_score"": 0, ""stability_score"": 0, ""asset_growth_score"": 15, ""drawdown_score"": 3, ""margin_trading_score"": 15}"
1722.TW,台肥,43,⚠️ D級：謹慎評估,0.02,⚡ 偏低 (0-2%),-8.56,-8.45,0.11,⚠️ 弱勢 (-15~-5%),,,,有效季數不足,-0.05,🏆 收縮 (<0%，謹慎經營),-32.7,-31.37,⚠️ 高波動 (-50~-30%),12.73,1000.0,0.55,融資增加 / 融券大增🎯,52,"{""fcf_yield_score"": 10, ""momentum_score"": 5, ""stability_score"": 0, ""asset_growth_score"": 15, ""drawdown_score"": 3, ""margin_trading_score"": 10}"
5880.TW,合庫金,43,⚠️ D級：謹慎評估,0.0,⚡ 偏低 (0-2%),-1.22,-2.46,-1.25,➡️ 中性 (-5~5%),,,,有效季數不足,7.06,✅ 穩健 (0-10%),-19.3,-12.68,✅ 穩健 (-20~-10%),19.46,0.0,0.07,融資增加,42,"{""fcf_yield_score"": 5, ""momentum_score"": 10, ""stability_score"": 0, ""asset_growth_score"": 12, ""drawdown_score"": 8, ""margin_trading_score"": 8}"
3406.TW,玉晶光,42,⚠️ D級：謹慎評估,0.07,⚡ 偏低 (0-2%),-5.98,-0.97,5.02,⚠️ 弱勢 (-15~-5%),,,,有效季數不足,-3.85,🏆 收縮 (<0%，謹慎經營),-55.33,-31.78,🛑 極高風險 (MDD<-50%),-20.96,-51.56,1.41,融資大減✅ / 融券大減,60,"{""fcf_yield_score"": 10, ""momentum_score"": 5, ""stability_score"": 0, ""asset_growth_score"": 15, ""drawdown_score"": 0, ""margin_trading_score"": 12}"
5871.TW,中租-KY,42,⚠️ D級：謹慎評估,0.04,⚡ 偏低 (0-2%),-8.78,-7.83,0.95,⚠️ 弱勢 (-15~-5%),,,,有效季數不足,-2.93,🏆 收縮 (<0%，謹慎經營),-47.32,-40.78,⚠️ 高波動 (-50~-30%),-6.22,-80.49,0.25,融券大減,45,"{""fcf_yield_score"": 10, ""momentum_score"": 5, ""stability_score"": 0, ""asset_growth_score"": 15, ""drawdown_score"": 3, ""margin_trading_score"": 9}"
3008.TW,大立光,42,⚠️ D級：謹慎評估,0.04,⚡ 偏低 (0-2%),-7.31,-17.12,-9.8,⚠️ 弱勢 (-15~-5%),,,,有效季數不足,5.13,✅ 穩健 (0-10%),-43.75,-28.12,⚠️ 高波動 (-50~-30%),-34.75,-41.94,1.83,融資大減✅ / 融券大減,60,"{""fcf_yield_score"": 10, ""momentum_score"": 5, ""stability_score"": 0, ""asset_growth_score"": 12, ""drawdown_score"": 3, ""margin_trading_score"": 12}"
2834.TW,臺企銀,41,⚠️ D級：謹慎評估,-0.05,⚠️ 負值 (-5~0%),6.74,3.0,-3.74,✅ 正向 (5-15%),,,,有效季數不足,6.03,✅ 穩健 (0-10%),-32.55,-19.53,⚠️ 高波動 (-50~-30%),18.41,-94.12,0.04,融資增加 / 融券大減,37,"{""fcf_yield_score"": 5, ""momentum_score"": 14, ""stability_score"": 0, ""asset_growth_score"": 12, ""drawdown_score"": 3, ""margin_trading_score"": 7}"
2845.TW,遠東銀,41,⚠️ D級：謹慎評估,-0.04,⚠️ 負值 (-5~0%),-2.92,-6.04,-3.11,➡️ 中性 (-5~5%),,,,有效季數不足,4.05,✅ 穩健 (0-10%),-32.47,-28.45,⚠️ 高波動 (-50~-30%),2.22,15.38,0.7,融券增加,55,"{""fcf_yield_score"": 5, ""momentum_score"": 10, ""stability_score"": 0, ""asset_growth_score"": 12, ""drawdown_score"": 3, ""margin_trading_score"": 11}"
3005.TW,神基,41,⚠️ D級：謹慎評估,0.03,⚡ 偏低 (0-2%),-3.25,-6.28,-3.03,➡️ 中性 (-5~5%),,,,有效季數不足,10.86,⚡ 適度擴張 (10-20%),-46.82,-32.12,⚠️ 高波動 (-50~-30%),18.64,-0.9,15.68,融資增加,47,"{""fcf_yield_score"": 10, ""momentum_score"": 10, ""stability_score"": 0, ""asset_growth_score"": 9, ""drawdown_score"": 3, ""margin_trading_score"": 9}"
2360.TW,致茂,41,⚠️ D級：謹慎評估,0.0,⚡ 偏低 (0-2%),210.59,216.23,5.64,🚀 極強動能 (>30%),,,,有效季數不足,21.72,⚠️ 高速擴張 (20-40%),-51.2,-6.35,🛑 極高風險 (MDD<-50%),-11.74,-26.67,3.51,融資減少,58,"{""fcf_yield_score"": 5, ""momentum_score"": 20, ""stability_score"": 0, ""asset_growth_score"": 5, ""drawdown_score"": 0, ""margin_trading_score"": 11}"
3533.TW,嘉澤,41,⚠️ D級：謹慎評估,0.02,⚡ 偏低 (0-2%),-24.65,-7.92,16.73,🛑 極弱 (<-15%),,,,有效季數不足,-1.53,🏆 收縮 (<0%，謹慎經營),-47.89,-22.08,⚠️ 高波動 (-50~-30%),-22.78,0.0,0.83,融資大減✅,65,"{""fcf_yield_score"": 10, ""momentum_score"": 0, ""stability_score"": 0, ""asset_growth_score"": 15, ""drawdown_score"": 3, ""margin_trading_score"": 13}"
3702.TW,大聯大,41,⚠️ D級：謹慎評估,-0.03,⚠️ 負值 (-5~0%),-12.66,-9.73,2.94,⚠️ 弱勢 (-15~-5%),,,,有效季數不足,-6.6,🏆 收縮 (<0%，謹慎經營),-48.02,-37.52,⚠️ 高波動 (-50~-30%),-41.63,-7.94,4.68,融資大減✅,65,"{""fcf_yield_score"": 5, ""momentum_score"": 5, ""stability_score"": 0, ""asset_growth_score"": 15, ""drawdown_score"": 3, ""margin_trading_score"": 13}"
3017.TW,奇鋐,41,⚠️ D級：謹慎評估,0.01,⚡ 偏低 (0-2%),202.32,220.87,18.55,🚀 極強動能 (>30%),,,,有效季數不足,58.06,🚫 過度擴張 (>40%),-58.01,-2.69,🛑 極高風險 (MDD<-50%),-16.79,5.93,7.69,融資減少,58,"{""fcf_yield_score"": 10, ""momentum_score"": 20, ""stability_score"": 0, ""asset_growth_score"": 0, ""drawdown_score"": 0, ""margin_trading_score"": 11}"
6005.TW,群益證,41,⚠️ D級：謹慎評估,0.03,⚡ 偏低 (0-2%),-0.89,12.77,13.66,➡️ 中性 (-5~5%),,,,有效季數不足,7.9,✅ 穩健 (0-10%),-31.71,-5.75,⚠️ 高波動 (-50~-30%),104.75,-71.61,0.67,融資大增⚠️ / 融券大減,30,"{""fcf_yield_score"": 10, ""momentum_score"": 10, ""stability_score"": 0, ""asset_growth_score"": 12, ""drawdown_score"": 3, ""margin_trading_score"": 6}"
2382.TW,廣達,41,⚠️ D級：謹慎評估,-0.0,⚠️ 負值 (-5~0%),19.36,16.17,-3.19,🔥 強勢 (15-30%),,,,有效季數不足,20.94,⚠️ 高速擴張 (20-40%),-47.65,-19.94,⚠️ 高波動 (-50~-30%),-10.09,-21.34,2.6,融資減少,58,"{""fcf_yield_score"": 5, ""momentum_score"": 17, ""stability_score"": 0, ""asset_growth_score"": 5, ""drawdown_score"": 3, ""margin_trading_score"": 11}"
2439.TW,美律,40,⚠️ D級：謹慎評估,0.03,⚡ 偏低 (0-2%),-8.08,-6.32,1.77,⚠️ 弱勢 (-15~-5%),,,,有效季數不足,7.3,✅ 穩健 (0-10%),-36.34,-32.48,⚠️ 高波動 (-50~-30%),-19.26,-40.0,0.35,融資減少 / 融券大減,53,"{""fcf_yield_score"": 10, ""momentum_score"": 5, ""stability_score"": 0, ""asset_growth_score"": 12, ""drawdown_score"": 3, ""margin_trading_score"": 10}"
1101.TW,台泥,40,⚠️ D級：謹慎評估,0.07,⚡ 偏低 (0-2%),-26.43,-17.76,8.67,🛑 極弱 (<-15%),,,,有效季數不足,-0.92,🏆 收縮 (<0%，謹慎經營),-42.13,-27.09,⚠️ 高波動 (-50~-30%),6.21,76.23,1.11,融券大增🎯,60,"{""fcf_yield_score"": 10, ""momentum_score"": 0, ""stability_score"": 0, ""asset_growth_score"": 15, ""drawdown_score"": 3, ""margin_trading_score"": 12}"
2609.TW,陽明,40,⚠️ D級：謹慎評估,0.16,⚡ 偏低 (0-2%),-9.81,-18.14,-8.33,⚠️ 弱勢 (-15~-5%),,,,有效季數不足,3.77,✅ 穩健 (0-10%),-42.0,-39.24,⚠️ 高波動 (-50~-30%),-3.3,-11.1,3.28,➡️ 中性,50,"{""fcf_yield_score"": 10, ""momentum_score"": 5, ""stability_score"": 0, ""asset_growth_score"": 12, ""drawdown_score"": 3, ""margin_trading_score"": 10}"
3023.TW,信邦,40,⚠️ D級：謹慎評估,0.02,⚡ 偏低 (0-2%),-30.84,-7.0,23.83,🛑 極弱 (<-15%),,,,有效季數不足,0.03,✅ 穩健 (0-10%),-45.94,-30.72,⚠️ 高波動 (-50~-30%),-25.42,41.67,0.76,融資大減✅ / 融券大增🎯,75,"{""fcf_yield_score"": 10, ""momentum_score"": 0, ""stability_score"": 0, ""asset_growth_score"": 12, ""drawdown_score"": 3, ""margin_trading_score"": 15}"
5876.TW,上海商銀,40,⚠️ D級：謹慎評估,-0.08,⚠️ 負值 (-5~0%),-9.07,-9.82,-0.75,⚠️ 弱勢 (-15~-5%),,,,有效季數不足,-1.54,🏆 收縮 (<0%，謹慎經營),-23.06,-17.37,⚡ 中等 (-30~-20%),1.91,-97.3,0.06,融券大減,45,"{""fcf_yield_score"": 5, ""momentum_score"": 5, ""stability_score"": 0, ""asset_growth_score"": 15, ""drawdown_score"": 6, ""margin_trading_score"": 9}"
2897.TW,王道銀,40,⚠️ D級：謹慎評估,-0.13,⚠️ 負值 (-5~0%),-8.2,-7.44,0.77,⚠️ 弱勢 (-15~-5%),,,,有效季數不足,1.31,✅ 穩健 (0-10%),-21.09,-16.65,⚡ 中等 (-30~-20%),-7.84,1400.0,0.56,融券大增🎯,60,"{""fcf_yield_score"": 5, ""momentum_score"": 5, ""stability_score"": 0, ""asset_growth_score"": 12, ""drawdown_score"": 6, ""margin_trading_score"": 12}"
9945.TW,潤泰新,40,⚠️ D級：謹慎評估,0.02,⚡ 偏低 (0-2%),-27.07,-29.75,-2.68,🛑 極弱 (<-15%),,,,有效季數不足,-0.73,🏆 收縮 (<0%，謹慎經營),-46.59,-44.98,⚠️ 高波動 (-50~-30%),-2.83,90.91,0.09,融券大增🎯,60,"{""fcf_yield_score"": 10, ""momentum_score"": 0, ""stability_score"": 0, ""asset_growth_score"": 15, ""drawdown_score"": 3, ""margin_trading_score"": 12}"
4536.TW,拓凱,39,⚠️ D級：謹慎評估,0.06,⚡ 偏低 (0-2%),-15.77,-17.31,-1.54,🛑 極弱 (<-15%),,,,有效季數不足,-6.74,🏆 收縮 (<0%，謹慎經營),-36.8,-30.74,⚠️ 高波動 (-50~-30%),-14.54,,0.0,融資減少,58,"{""fcf_yield_score"": 10, ""momentum_score"": 0, ""stability_score"": 0, ""asset_growth_score"": 15, ""drawdown_score"": 3, ""margin_trading_score"": 11}"
9910.TW,豐泰,39,⚠️ D級：謹慎評估,0.04,⚡ 偏低 (0-2%),-14.25,-25.98,-11.74,⚠️ 弱勢 (-15~-5%),,,,有效季數不足,-1.14,🏆 收縮 (<0%，謹慎經營),-47.93,-44.38,⚠️ 高波動 (-50~-30%),29.68,-72.73,0.37,融資大增⚠️ / 融券大減,30,"{""fcf_yield_score"": 10, ""momentum_score"": 5, ""stability_score"": 0, ""asset_growth_score"": 15, ""drawdown_score"": 3, ""margin_trading_score"": 6}"
1609.TW,大亞,39,⚠️ D級：謹慎評估,0.0,⚡ 偏低 (0-2%),-1.1,-3.88,-2.78,➡️ 中性 (-5~5%),,,,有效季數不足,7.41,✅ 穩健 (0-10%),-55.02,-40.65,🛑 極高風險 (MDD<-50%),-4.61,80.43,0.55,融券大增🎯,60,"{""fcf_yield_score"": 5, ""momentum_score"": 10, ""stability_score"": 0, ""asset_growth_score"": 12, ""drawdown_score"": 0, ""margin_trading_score"": 12}"
2912.TW,統一超,39,⚠️ D級：謹慎評估,0.06,⚡ 偏低 (0-2%),-14.0,-14.45,-0.45,⚠️ 弱勢 (-15~-5%),,,,有效季數不足,6.14,✅ 穩健 (0-10%),-31.19,-27.72,⚠️ 高波動 (-50~-30%),29.54,100.0,0.43,融資大增⚠️ / 融券大增🎯,45,"{""fcf_yield_score"": 10, ""momentum_score"": 5, ""stability_score"": 0, ""asset_growth_score"": 12, ""drawdown_score"": 3, ""margin_trading_score"": 9}"
2379.TW,瑞昱,39,⚠️ D級：謹慎評估,0.04,⚡ 偏低 (0-2%),-5.99,-18.63,-12.64,⚠️ 弱勢 (-15~-5%),,,,有效季數不足,5.55,✅ 穩健 (0-10%),-27.15,-23.34,⚡ 中等 (-30~-20%),54.75,-33.33,0.15,融資大增⚠️ / 融券大減,30,"{""fcf_yield_score"": 10, ""momentum_score"": 5, ""stability_score"": 0, ""asset_growth_score"": 12, ""drawdown_score"": 6, ""margin_trading_score"": 6}"
4966.TW,譜瑞-KY,38,⚠️ D級：謹慎評估,0.03,⚡ 偏低 (0-2%),-11.27,-26.83,-15.56,⚠️ 弱勢 (-15~-5%),,,,有效季數不足,-1.17,🏆 收縮 (<0%，謹慎經營),-65.95,-60.53,🛑 極高風險 (MDD<-50%),19.59,-12.0,0.83,融資增加,42,"{""fcf_yield_score"": 10, ""momentum_score"": 5, ""stability_score"": 0, ""asset_growth_score"": 15, ""drawdown_score"": 0, ""margin_trading_score"": 8}"
2887.TW,台新金,38,⚠️ D級：謹慎評估,-0.01,⚠️ 負值 (-5~0%),21.97,32.76,10.79,🔥 強勢 (15-30%),,,,有效季數不足,163.02,🚫 過度擴張 (>40%),-30.39,-0.43,⚠️ 高波動 (-50~-30%),-4.6,359.13,23.5,融券大增🎯,65,"{""fcf_yield_score"": 5, ""momentum_score"": 17, ""stability_score"": 0, ""asset_growth_score"": 0, ""drawdown_score"": 3, ""margin_trading_score"": 13}"
8464.TW,億豐,38,⚠️ D級：謹慎評估,0.03,⚡ 偏低 (0-2%),-16.55,-5.02,11.53,🛑 極弱 (<-15%),,,,有效季數不足,5.15,✅ 穩健 (0-10%),-42.7,-19.07,⚠️ 高波動 (-50~-30%),-35.19,0.0,4.76,融資大減✅,65,"{""fcf_yield_score"": 10, ""momentum_score"": 0, ""stability_score"": 0, ""asset_growth_score"": 12, ""drawdown_score"": 3, ""margin_trading_score"": 13}"
3714.TW,富采,38,⚠️ D級：謹慎評估,0.04,⚡ 偏低 (0-2%),-16.14,-14.5,1.64,🛑 極弱 (<-15%),,,,有效季數不足,-10.95,🏆 收縮 (<0%，謹慎經營),-42.38,-27.44,⚠️ 高波動 (-50~-30%),1.88,-29.24,0.79,➡️ 中性,50,"{""fcf_yield_score"": 10, ""momentum_score"": 0, ""stability_score"": 0, ""asset_growth_score"": 15, ""drawdown_score"": 3, ""margin_trading_score"": 10}"
4938.TW,和碩,38,⚠️ D級：謹慎評估,0.08,⚡ 偏低 (0-2%),-25.92,-26.06,-0.14,🛑 極弱 (<-15%),,,,有效季數不足,-3.26,🏆 收縮 (<0%，謹慎經營),-43.08,-42.08,⚠️ 高波動 (-50~-30%),-5.93,0.0,0.26,➡️ 中性,50,"{""fcf_yield_score"": 10, ""momentum_score"": 0, ""stability_score"": 0, ""asset_growth_score"": 15, ""drawdown_score"": 3, ""margin_trading_score"": 10}"
2324.TW,仁寶,38,⚠️ D級：謹慎評估,0.11,⚡ 偏低 (0-2%),-15.73,-14.6,1.13,🛑 極弱 (<-15%),,,,有效季數不足,-6.49,🏆 收縮 (<0%，謹慎經營),-41.19,-22.33,⚠️ 高波動 (-50~-30%),6.52,-2.78,1.35,➡️ 中性,50,"{""fcf_yield_score"": 10, ""momentum_score"": 0, ""stability_score"": 0, ""asset_growth_score"": 15, ""drawdown_score"": 3, ""margin_trading_score"": 10}"
3034.TW,聯詠,38,⚠️ D級：謹慎評估,0.03,⚡ 偏低 (0-2%),-22.83,-33.02,-10.2,🛑 極弱 (<-15%),,,,有效季數不足,-2.86,🏆 收縮 (<0%，謹慎經營),-43.59,-43.59,⚠️ 高波動 (-50~-30%),3.71,-12.5,0.29,➡️ 中性,50,"{""fcf_yield_score"": 10, ""momentum_score"": 0, ""stability_score"": 0, ""asset_growth_score"": 15, ""drawdown_score"": 3, ""margin_trading_score"": 10}"
2356.TW,英業達,37,⚠️ D級：謹慎評估,-0.04,⚠️ 負值 (-5~0%),-1.47,-1.01,0.46,➡️ 中性 (-5~5%),,,,有效季數不足,8.18,✅ 穩健 (0-10%),-44.52,-27.91,⚠️ 高波動 (-50~-30%),33.95,-1.15,1.54,融資大增⚠️,35,"{""fcf_yield_score"": 5, ""momentum_score"": 10, ""stability_score"": 0, ""asset_growth_score"": 12, ""drawdown_score"": 3, ""margin_trading_score"": 7}"
3706.TW,神達,37,⚠️ D級：謹慎評估,-0.02,⚠️ 負值 (-5~0%),29.04,12.87,-16.18,🔥 強勢 (15-30%),,,,有效季數不足,22.59,⚠️ 高速擴張 (20-40%),-51.41,-27.85,🛑 極高風險 (MDD<-50%),4.66,-4.47,1.11,➡️ 中性,50,"{""fcf_yield_score"": 5, ""momentum_score"": 17, ""stability_score"": 0, ""asset_growth_score"": 5, ""drawdown_score"": 0, ""margin_trading_score"": 10}"
2352.TW,佳世達,37,⚠️ D級：謹慎評估,0.06,⚡ 偏低 (0-2%),-29.03,-25.99,3.05,🛑 極弱 (<-15%),,,,有效季數不足,-0.12,🏆 收縮 (<0%，謹慎經營),-55.24,-47.35,🛑 極高風險 (MDD<-50%),-6.34,650.0,3.71,融券大增🎯,60,"{""fcf_yield_score"": 10, ""momentum_score"": 0, ""stability_score"": 0, ""asset_growth_score"": 15, ""drawdown_score"": 0, ""margin_trading_score"": 12}"
2357.TW,華碩,37,⚠️ D級：謹慎評估,0.03,⚡ 偏低 (0-2%),-14.86,-22.41,-7.55,⚠️ 弱勢 (-15~-5%),,,,有效季數不足,7.24,✅ 穩健 (0-10%),-37.8,-32.62,⚠️ 高波動 (-50~-30%),31.55,-11.11,0.81,融資大增⚠️,35,"{""fcf_yield_score"": 10, ""momentum_score"": 5, ""stability_score"": 0, ""asset_growth_score"": 12, ""drawdown_score"": 3, ""margin_trading_score"": 7}"
2385.TW,群光,37,⚠️ D級：謹慎評估,0.04,⚡ 偏低 (0-2%),-25.31,-22.73,2.59,🛑 極弱 (<-15%),,,,有效季數不足,-1.04,🏆 收縮 (<0%，謹慎經營),-56.29,-53.97,🛑 極高風險 (MDD<-50%),-2.67,175.0,0.32,融券大增🎯,60,"{""fcf_yield_score"": 10, ""momentum_score"": 0, ""stability_score"": 0, ""asset_growth_score"": 15, ""drawdown_score"": 0, ""margin_trading_score"": 12}"
8454.TW,富邦媒,37,⚠️ D級：謹慎評估,0.04,⚡ 偏低 (0-2%),-36.05,-46.57,-10.53,🛑 極弱 (<-15%),,,,有效季數不足,-2.4,🏆 收縮 (<0%，謹慎經營),-57.93,-57.93,🛑 極高風險 (MDD<-50%),7.29,300.0,4.08,融券大增🎯,60,"{""fcf_yield_score"": 10, ""momentum_score"": 0, ""stability_score"": 0, ""asset_growth_score"": 15, ""drawdown_score"": 0, ""margin_trading_score"": 12}"
2618.TW,長榮航,36,⚠️ D級：謹慎評估,0.11,⚡ 偏低 (0-2%),-19.89,-15.12,4.77,🛑 極弱 (<-15%),,,,有效季數不足,6.04,✅ 穩健 (0-10%),-30.5,-19.39,⚠️ 高波動 (-50~-30%),-8.32,20.17,0.65,融券增加,55,"{""fcf_yield_score"": 10, ""momentum_score"": 0, ""stability_score"": 0, ""asset_growth_score"": 12, ""drawdown_score"": 3, ""margin_trading_score"": 11}"
6669.TW,緯穎,36,⚠️ D級：謹慎評估,-0.01,⚠️ 負值 (-5~0%),102.3,79.6,-22.7,🚀 極強動能 (>30%),,,,有效季數不足,75.95,🚫 過度擴張 (>40%),-47.05,-23.52,⚠️ 高波動 (-50~-30%),19.92,-17.65,2.3,融資增加,42,"{""fcf_yield_score"": 5, ""momentum_score"": 20, ""stability_score"": 0, ""asset_growth_score"": 0, ""drawdown_score"": 3, ""margin_trading_score"": 8}"
2354.TW,鴻準,36,⚠️ D級：謹慎評估,0.01,⚡ 偏低 (0-2%),-14.2,-20.78,-6.58,⚠️ 弱勢 (-15~-5%),,,,有效季數不足,11.15,⚡ 適度擴張 (10-20%),-50.87,-41.62,🛑 極高風險 (MDD<-50%),-4.95,51.52,0.18,融券大增🎯,60,"{""fcf_yield_score"": 10, ""momentum_score"": 5, ""stability_score"": 0, ""asset_growth_score"": 9, ""drawdown_score"": 0, ""margin_trading_score"": 12}"
3653.TW,健策,36,⚠️ D級：謹慎評估,0.0,⚡ 偏低 (0-2%),145.94,166.67,20.72,🚀 極強動能 (>30%),,,,有效季數不足,53.83,🚫 過度擴張 (>40%),-52.0,-4.46,🛑 極高風險 (MDD<-50%),-15.37,-9.3,3.63,融資減少,58,"{""fcf_yield_score"": 5, ""momentum_score"": 20, ""stability_score"": 0, ""asset_growth_score"": 0, ""drawdown_score"": 0, ""margin_trading_score"": 11}"
2542.TW,興富發,35,⚠️ D級：謹慎評估,-0.02,⚠️ 負值 (-5~0%),-9.62,-11.81,-2.18,⚠️ 弱勢 (-15~-5%),,,,有效季數不足,9.69,✅ 穩健 (0-10%),-45.14,-42.19,⚠️ 高波動 (-50~-30%),-16.05,-49.69,1.88,融資減少 / 融券大減,53,"{""fcf_yield_score"": 5, ""momentum_score"": 5, ""stability_score"": 0, ""asset_growth_score"": 12, ""drawdown_score"": 3, ""margin_trading_score"": 10}"
6409.TW,旭隼,35,⚠️ D級：謹慎評估,0.02,⚡ 偏低 (0-2%),-35.44,-43.9,-8.46,🛑 極弱 (<-15%),,,,有效季數不足,-7.68,🏆 收縮 (<0%，謹慎經營),-64.01,-61.18,🛑 極高風險 (MDD<-50%),12.71,233.33,0.61,融資增加 / 融券大增🎯,52,"{""fcf_yield_score"": 10, ""momentum_score"": 0, ""stability_score"": 0, ""asset_growth_score"": 15, ""drawdown_score"": 0, ""margin_trading_score"": 10}"
2201.TW,裕隆,35,⚠️ D級：謹慎評估,0.23,⚡ 偏低 (0-2%),-32.52,-35.95,-3.43,🛑 極弱 (<-15%),,,,有效季數不足,-4.9,🏆 收縮 (<0%，謹慎經營),-60.29,-59.37,🛑 極高風險 (MDD<-50%),-5.19,-6.25,0.53,➡️ 中性,50,"{""fcf_yield_score"": 10, ""momentum_score"": 0, ""stability_score"": 0, ""asset_growth_score"": 15, ""drawdown_score"": 0, ""margin_trading_score"": 10}"
9914.TW,美利達,35,⚠️ D級：謹慎評估,0.03,⚡ 偏低 (0-2%),-51.13,-43.53,7.6,🛑 極弱 (<-15%),,,,有效季數不足,-13.7,🏆 收縮 (<0%，謹慎經營),-68.85,-65.71,🛑 極高風險 (MDD<-50%),-4.39,14.52,4.26,➡️ 中性,50,"{""fcf_yield_score"": 10, ""momentum_score"": 0, ""stability_score"": 0, ""asset_growth_score"": 15, ""drawdown_score"": 0, ""margin_trading_score"": 10}"
2610.TW,華航,35,⚠️ D級：謹慎評估,0.14,⚡ 偏低 (0-2%),-17.53,-7.89,9.64,🛑 極弱 (<-15%),,,,有效季數不足,8.66,✅ 穩健 (0-10%),-32.1,-15.58,⚠️ 高波動 (-50~-30%),-14.83,-68.69,0.35,融資減少 / 融券大減,53,"{""fcf_yield_score"": 10, ""momentum_score"": 0, ""stability_score"": 0, ""asset_growth_score"": 12, ""drawdown_score"": 3, ""margin_trading_score"": 10}"
6415.TW,矽力*-KY,34,🛑 F級：避開,0.01,⚡ 偏低 (0-2%),-48.23,-27.97,20.26,🛑 極弱 (<-15%),,,,有效季數不足,6.1,✅ 穩健 (0-10%),-67.77,-50.99,🛑 極高風險 (MDD<-50%),8.77,72.28,2.19,融券大增🎯,60,"{""fcf_yield_score"": 10, ""momentum_score"": 0, ""stability_score"": 0, ""asset_growth_score"": 12, ""drawdown_score"": 0, ""margin_trading_score"": 12}"
2105.TW,正新,34,🛑 F級：避開,0.06,⚡ 偏低 (0-2%),-42.19,-39.35,2.84,🛑 極弱 (<-15%),,,,有效季數不足,-4.72,🏆 收縮 (<0%，謹慎經營),-52.59,-50.24,🛑 極高風險 (MDD<-50%),2.11,-33.33,0.19,融券大減,45,"{""fcf_yield_score"": 10, ""momentum_score"": 0, ""stability_score"": 0, ""asset_growth_score"": 15, ""drawdown_score"": 0, ""margin_trading_score"": 9}"
6285.TW,啟碁,34,🛑 F級：避開,0.05,⚡ 偏低 (0-2%),-51.33,25.93,77.25,🛑 極弱 (<-15%),,,,有效季數不足,6.65,✅ 穩健 (0-10%),-43.53,-9.88,⚠️ 高波動 (-50~-30%),205.27,8476.92,7.73,融資大增⚠️ / 融券大增🎯,45,"{""fcf_yield_score"": 10, ""momentum_score"": 0, ""stability_score"": 0, ""asset_growth_score"": 12, ""drawdown_score"": 3, ""margin_trading_score"": 9}"
6176.TW,瑞儀,34,🛑 F級：避開,0.04,⚡ 偏低 (0-2%),-35.99,-38.01,-2.02,🛑 極弱 (<-15%),,,,有效季數不足,19.57,⚡ 適度擴張 (10-20%),-48.29,-44.65,⚠️ 高波動 (-50~-30%),-1.7,50.0,0.7,融券大增🎯,60,"{""fcf_yield_score"": 10, ""momentum_score"": 0, ""stability_score"": 0, ""asset_growth_score"": 9, ""drawdown_score"": 3, ""margin_trading_score"": 12}"
3231.TW,緯創,34,🛑 F級：避開,-0.08,⚠️ 負值 (-5~0%),48.35,28.79,-19.56,🚀 極強動能 (>30%),,,,有效季數不足,73.37,🚫 過度擴張 (>40%),-43.41,-19.56,⚠️ 高波動 (-50~-30%),20.79,-44.35,1.54,融資大增⚠️ / 融券大減,30,"{""fcf_yield_score"": 5, ""momentum_score"": 20, ""stability_score"": 0, ""asset_growth_score"": 0, ""drawdown_score"": 3, ""margin_trading_score"": 6}"
9921.TW,巨大,34,🛑 F級：避開,0.11,⚡ 偏低 (0-2%),-35.49,-35.71,-0.22,🛑 極弱 (<-15%),,,,有效季數不足,-14.7,🏆 收縮 (<0%，謹慎經營),-64.1,-63.11,🛑 極高風險 (MDD<-50%),8.68,-43.09,6.48,融券大減,45,"{""fcf_yield_score"": 10, ""momentum_score"": 0, ""stability_score"": 0, ""asset_growth_score"": 15, ""drawdown_score"": 0, ""margin_trading_score"": 9}"
3587.TW,閎康,33,🛑 F級：避開,0.05,⚡ 偏低 (0-2%),-19.03,-4.6,14.44,🛑 極弱 (<-15%),,,,有效季數不足,-0.13,🏆 收縮 (<0%，謹慎經營),-56.08,-31.12,🛑 極高風險 (MDD<-50%),51.3,25.0,0.31,融資大增⚠️ / 融券增加,40,"{""fcf_yield_score"": 10, ""momentum_score"": 0, ""stability_score"": 0, ""asset_growth_score"": 15, ""drawdown_score"": 0, ""margin_trading_score"": 8}"
2393.TW,億光,33,🛑 F級：避開,0.05,⚡ 偏低 (0-2%),-29.18,-29.88,-0.7,🛑 極弱 (<-15%),,,,有效季數不足,0.73,✅ 穩健 (0-10%),-43.18,-35.96,⚠️ 高波動 (-50~-30%),15.73,0.0,0.79,融資增加,42,"{""fcf_yield_score"": 10, ""momentum_score"": 0, ""stability_score"": 0, ""asset_growth_score"": 12, ""drawdown_score"": 3, ""margin_trading_score"": 8}"
2327.TW,國巨,32,🛑 F級：避開,0.02,⚡ 偏低 (0-2%),-53.66,-51.69,1.98,🛑 極弱 (<-15%),,,,有效季數不足,0.9,✅ 穩健 (0-10%),-83.27,-67.91,🛑 極高風險 (MDD<-50%),-4.38,-15.65,0.72,➡️ 中性,50,"{""fcf_yield_score"": 10, ""momentum_score"": 0, ""stability_score"": 0, ""asset_growth_score"": 12, ""drawdown_score"": 0, ""margin_trading_score"": 10}"
2457.TW,飛宏,32,🛑 F級：避開,0.01,⚡ 偏低 (0-2%),-16.0,-15.65,0.34,🛑 極弱 (<-15%),,,,有效季數不足,-0.07,🏆 收縮 (<0%，謹慎經營),-68.22,-53.29,🛑 極高風險 (MDD<-50%),20.41,-3.95,0.98,融資大增⚠️,35,"{""fcf_yield_score"": 10, ""momentum_score"": 0, ""stability_score"": 0, ""asset_growth_score"": 15, ""drawdown_score"": 0, ""margin_trading_score"": 7}"
4763.TW,材料-KY,32,🛑 F級：避開,0.05,⚡ 偏低 (0-2%),-94.32,-93.75,0.57,🛑 極弱 (<-15%),,,,有效季數不足,6.55,✅ 穩健 (0-10%),-95.73,-95.37,🛑 極高風險 (MDD<-50%),4.67,1.18,1.56,➡️ 中性,50,"{""fcf_yield_score"": 10, ""momentum_score"": 0, ""stability_score"": 0, ""asset_growth_score"": 12, ""drawdown_score"": 0, ""margin_trading_score"": 10}"
1514.TW,亞力,32,🛑 F級：避開,0.0,⚡ 偏低 (0-2%),1.17,25.91,24.74,➡️ 中性 (-5~5%),,,,有效季數不足,26.85,⚠️ 高速擴張 (20-40%),-57.36,-33.61,🛑 極高風險 (MDD<-50%),5.77,110.29,4.16,融券大增🎯,60,"{""fcf_yield_score"": 5, ""momentum_score"": 10, ""stability_score"": 0, ""asset_growth_score"": 5, ""drawdown_score"": 0, ""margin_trading_score"": 12}"
2395.TW,研華,32,🛑 F級：避開,0.02,⚡ 偏低 (0-2%),-22.99,-23.33,-0.35,🛑 極弱 (<-15%),,,,有效季數不足,5.51,✅ 穩健 (0-10%),-34.57,-31.22,⚠️ 高波動 (-50~-30%),18.55,-87.5,0.04,融資增加 / 融券大減,37,"{""fcf_yield_score"": 10, ""momentum_score"": 0, ""stability_score"": 0, ""asset_growth_score"": 12, ""drawdown_score"": 3, ""margin_trading_score"": 7}"
3035.TW,智原,31,🛑 F級：避開,0.02,⚡ 偏低 (0-2%),-20.78,-29.26,-8.47,🛑 極弱 (<-15%),,,,有效季數不足,2.39,✅ 穩健 (0-10%),-67.25,-64.4,🛑 極高風險 (MDD<-50%),-3.73,-58.51,1.39,融券大減,45,"{""fcf_yield_score"": 10, ""momentum_score"": 0, ""stability_score"": 0, ""asset_growth_score"": 12, ""drawdown_score"": 0, ""margin_trading_score"": 9}"
6412.TW,群電,31,🛑 F級：避開,0.03,⚡ 偏低 (0-2%),-36.39,-24.08,12.31,🛑 極弱 (<-15%),,,,有效季數不足,2.25,✅ 穩健 (0-10%),-56.59,-48.56,🛑 極高風險 (MDD<-50%),63.86,144.44,0.81,融資大增⚠️ / 融券大增🎯,45,"{""fcf_yield_score"": 10, ""momentum_score"": 0, ""stability_score"": 0, ""asset_growth_score"": 12, ""drawdown_score"": 0, ""margin_trading_score"": 9}"
2376.TW,技嘉,31,🛑 F級：避開,-0.0,⚠️ 負值 (-5~0%),1.73,-6.03,-7.76,➡️ 中性 (-5~5%),,,,有效季數不足,10.54,⚡ 適度擴張 (10-20%),-52.49,-40.68,🛑 極高風險 (MDD<-50%),20.97,-8.55,3.31,融資大增⚠️,35,"{""fcf_yield_score"": 5, ""momentum_score"": 10, ""stability_score"": 0, ""asset_growth_score"": 9, ""drawdown_score"": 0, ""margin_trading_score"": 7}"
5269.TW,祥碩,31,🛑 F級：避開,0.01,⚡ 偏低 (0-2%),-35.1,-38.93,-3.83,🛑 極弱 (<-15%),,,,有效季數不足,7.52,✅ 穩健 (0-10%),-54.9,-50.78,🛑 極高風險 (MDD<-50%),-5.64,-74.19,0.36,融券大減,45,"{""fcf_yield_score"": 10, ""momentum_score"": 0, ""stability_score"": 0, ""asset_growth_score"": 12, ""drawdown_score"": 0, ""margin_trading_score"": 9}"
4961.TW,天鈺,31,🛑 F級：避開,0.05,⚡ 偏低 (0-2%),-31.13,-36.06,-4.93,🛑 極弱 (<-15%),,,,有效季數不足,0.68,✅ 穩健 (0-10%),-52.63,-49.3,🛑 極高風險 (MDD<-50%),-2.58,-41.67,0.63,融券大減,45,"{""fcf_yield_score"": 10, ""momentum_score"": 0, ""stability_score"": 0, ""asset_growth_score"": 12, ""drawdown_score"": 0, ""margin_trading_score"": 9}"
2206.TW,三陽工業,30,🛑 F級：避開,0.04,⚡ 偏低 (0-2%),-14.75,-13.92,0.83,⚠️ 弱勢 (-15~-5%),,,,有效季數不足,40.35,🚫 過度擴張 (>40%),-32.65,-30.82,⚠️ 高波動 (-50~-30%),-2.45,560.0,0.13,融券大增🎯,60,"{""fcf_yield_score"": 10, ""momentum_score"": 5, ""stability_score"": 0, ""asset_growth_score"": 0, ""drawdown_score"": 3, ""margin_trading_score"": 12}"
9933.TW,中鼎,30,🛑 F級：避開,-0.07,⚠️ 負值 (-5~0%),-20.68,-20.36,0.32,🛑 極弱 (<-15%),,,,有效季數不足,-9.06,🏆 收縮 (<0%，謹慎經營),-53.85,-42.67,🛑 極高風險 (MDD<-50%),-11.75,-80.95,0.09,融資減少 / 融券大減,53,"{""fcf_yield_score"": 5, ""momentum_score"": 0, ""stability_score"": 0, ""asset_growth_score"": 15, ""drawdown_score"": 0, ""margin_trading_score"": 10}"
2353.TW,宏碁,29,🛑 F級：避開,0.01,⚡ 偏低 (0-2%),-28.6,-29.34,-0.74,🛑 極弱 (<-15%),,,,有效季數不足,12.8,⚡ 適度擴張 (10-20%),-57.09,-54.1,🛑 極高風險 (MDD<-50%),17.72,427.27,5.48,融資增加 / 融券大增🎯,52,"{""fcf_yield_score"": 10, ""momentum_score"": 0, ""stability_score"": 0, ""asset_growth_score"": 9, ""drawdown_score"": 0, ""margin_trading_score"": 10}"
2204.TW,中華,29,🛑 F級：避開,0.0,⚡ 偏低 (0-2%),-28.48,-31.92,-3.44,🛑 極弱 (<-15%),,,,有效季數不足,-0.15,🏆 收縮 (<0%，謹慎經營),-64.47,-61.97,🛑 極高風險 (MDD<-50%),-3.73,-78.26,0.52,融券大減,45,"{""fcf_yield_score"": 5, ""momentum_score"": 0, ""stability_score"": 0, ""asset_growth_score"": 15, ""drawdown_score"": 0, ""margin_trading_score"": 9}"
4919.TW,新唐,29,🛑 F級：避開,-0.0,⚠️ 負值 (-5~0%),-43.03,-34.07,8.96,🛑 極弱 (<-15%),,,,有效季數不足,6.78,✅ 穩健 (0-10%),-62.42,-55.02,🛑 極高風險 (MDD<-50%),-1.77,34.78,0.9,融券大增🎯,60,"{""fcf_yield_score"": 5, ""momentum_score"": 0, ""stability_score"": 0, ""asset_growth_score"": 12, ""drawdown_score"": 0, ""margin_trading_score"": 12}"
2377.TW,微星,28,🛑 F級：避開,0.05,⚡ 偏低 (0-2%),-47.2,-53.95,-6.75,🛑 極弱 (<-15%),,,,有效季數不足,16.87,⚡ 適度擴張 (10-20%),-55.32,-55.32,🛑 極高風險 (MDD<-50%),9.97,-30.12,1.19,融券大減,45,"{""fcf_yield_score"": 10, ""momentum_score"": 0, ""stability_score"": 0, ""asset_growth_score"": 9, ""drawdown_score"": 0, ""margin_trading_score"": 9}"
8227.TW,巨有科技,27,🛑 F級：避開,0.0,⚡ 偏低 (0-2%),-9.97,-12.38,-2.41,⚠️ 弱勢 (-15~-5%),,,,有效季數不足,24.86,⚠️ 高速擴張 (20-40%),-73.8,-64.18,🛑 極高風險 (MDD<-50%),7.53,500.0,0.22,融券大增🎯,60,"{""fcf_yield_score"": 5, ""momentum_score"": 5, ""stability_score"": 0, ""asset_growth_score"": 5, ""drawdown_score"": 0, ""margin_trading_score"": 12}"
6446.TW,藥華藥,26,🛑 F級：避開,0.0,⚡ 偏低 (0-2%),-35.22,9.55,44.77,🛑 極弱 (<-15%),,,,有效季數不足,18.2,⚡ 適度擴張 (10-20%),-42.22,-5.78,⚠️ 高波動 (-50~-30%),27.2,200.0,0.65,融資大增⚠️ / 融券大增🎯,45,"{""fcf_yield_score"": 5, ""momentum_score"": 0, ""stability_score"": 0, ""asset_growth_score"": 9, ""drawdown_score"": 3, ""margin_trading_score"": 9}"
