Ticker,Company_Name,Score,Result_Tag,Latest_GPM,GPM_YoY_Slope,GPM_Inflection,GPM_Consecutive,Latest_OPM,OPM_YoY_Slope,OPM_Inflection,OPM_Consecutive,Operating_Leverage,Rev_YoY,Rev_Acceleration,Rev_New_High,Non_Op_Ratio,Score_Details,Score_Percentile
1476.TW,儒鴻,98,🏆 SSS級：雙拐點確認,28.15,2.5,True,1,18.51,3.06,True,1,1.22,7.53,0.0,True,0,"{""base"": 30, ""gpm_inflection"": ""+15 (GPM拐點)"", ""opm_inflection"": ""+10 (OPM拐點)"", ""ol"": ""+15 (OL=1.22)"", ""gpm_improve"": ""+10 (GPM↑)"", ""opm_improve"": ""+10 (OPM↑)"", ""rev_momentum"": ""+3 (營收正成長)"", ""non_op"": ""+5 (低業外)""}",96.37681159420289
2633.TW,台灣高鐵,98,🏆 SSS級：雙拐點確認,43.27,1.32,True,1,39.53,1.44,True,1,1.09,2.19,0.0,True,0,"{""base"": 30, ""gpm_inflection"": ""+15 (GPM拐點)"", ""opm_inflection"": ""+10 (OPM拐點)"", ""ol"": ""+15 (OL=1.09)"", ""gpm_improve"": ""+10 (GPM↑)"", ""opm_improve"": ""+10 (OPM↑)"", ""rev_momentum"": ""+3 (營收正成長)"", ""non_op"": ""+5 (低業外)""}",96.37681159420289
2609.TW,陽明,98,🏆 SSS級：雙拐點確認,17.65,2.03,True,1,12.3,2.21,True,1,1.09,3.23,0.0,True,0,"{""base"": 30, ""gpm_inflection"": ""+15 (GPM拐點)"", ""opm_inflection"": ""+10 (OPM拐點)"", ""ol"": ""+15 (OL=1.09)"", ""gpm_improve"": ""+10 (GPM↑)"", ""opm_improve"": ""+10 (OPM↑)"", ""rev_momentum"": ""+3 (營收正成長)"", ""non_op"": ""+5 (低業外)""}",96.37681159420289
2385.TW,群光,98,🔥 S級：結構性拐點,18.43,0.7,True,1,8.84,1.01,False,2,1.44,11.07,0.0,True,0,"{""base"": 30, ""gpm_inflection"": ""+15 (GPM拐點)"", ""opm_consecutive"": ""+10 (OPM連續2季)"", ""ol"": ""+15 (OL=1.44)"", ""gpm_improve"": ""+10 (GPM↑)"", ""opm_improve"": ""+10 (OPM↑)"", ""rev_momentum"": ""+3 (營收正成長)"", ""non_op"": ""+5 (低業外)""}",96.37681159420289
6409.TW,旭隼,98,🔥 S級：結構性拐點,29.05,0.38,True,1,21.16,0.97,False,2,2.55,15.16,0.0,True,0,"{""base"": 30, ""gpm_inflection"": ""+15 (GPM拐點)"", ""opm_consecutive"": ""+10 (OPM連續2季)"", ""ol"": ""+15 (OL=2.55)"", ""gpm_improve"": ""+10 (GPM↑)"", ""opm_improve"": ""+10 (OPM↑)"", ""rev_momentum"": ""+3 (營收正成長)"", ""non_op"": ""+5 (低業外)""}",96.37681159420289
2542.TW,興富發,98,🏆 SSS級：雙拐點確認,25.87,5.5,True,1,12.96,5.74,True,1,1.04,0.96,0.0,True,0,"{""base"": 30, ""gpm_inflection"": ""+15 (GPM拐點)"", ""opm_inflection"": ""+10 (OPM拐點)"", ""ol"": ""+15 (OL=1.04)"", ""gpm_improve"": ""+10 (GPM↑)"", ""opm_improve"": ""+10 (OPM↑)"", ""rev_momentum"": ""+3 (營收正成長)"", ""non_op"": ""+5 (低業外)""}",96.37681159420289
1402.TW,遠東新,98,🏆 SSS級：雙拐點確認,20.84,0.92,True,1,7.41,1.37,True,1,1.49,3.04,0.0,True,0,"{""base"": 30, ""gpm_inflection"": ""+15 (GPM拐點)"", ""opm_inflection"": ""+10 (OPM拐點)"", ""ol"": ""+15 (OL=1.49)"", ""gpm_improve"": ""+10 (GPM↑)"", ""opm_improve"": ""+10 (OPM↑)"", ""rev_momentum"": ""+3 (營收正成長)"", ""non_op"": ""+5 (低業外)""}",96.37681159420289
6412.TW,群電,98,🏆 SSS級：雙拐點確認,17.05,0.59,True,1,6.98,0.85,True,1,1.44,9.95,0.0,True,0,"{""base"": 30, ""gpm_inflection"": ""+15 (GPM拐點)"", ""opm_inflection"": ""+10 (OPM拐點)"", ""ol"": ""+15 (OL=1.44)"", ""gpm_improve"": ""+10 (GPM↑)"", ""opm_improve"": ""+10 (OPM↑)"", ""rev_momentum"": ""+3 (營收正成長)"", ""non_op"": ""+5 (低業外)""}",96.37681159420289
9917.TW,中保科,98,🏆 SSS級：雙拐點確認,33.18,0.06,True,1,16.47,0.4,True,1,6.67,6.17,0.0,True,0,"{""base"": 30, ""gpm_inflection"": ""+15 (GPM拐點)"", ""opm_inflection"": ""+10 (OPM拐點)"", ""ol"": ""+15 (OL=6.67)"", ""gpm_improve"": ""+10 (GPM↑)"", ""opm_improve"": ""+10 (OPM↑)"", ""rev_momentum"": ""+3 (營收正成長)"", ""non_op"": ""+5 (低業外)""}",96.37681159420289
2603.TW,長榮,98,🏆 SSS級：雙拐點確認,26.36,4.75,True,1,22.43,5.75,True,1,1.21,8.1,0.0,True,0,"{""base"": 30, ""gpm_inflection"": ""+15 (GPM拐點)"", ""opm_inflection"": ""+10 (OPM拐點)"", ""ol"": ""+15 (OL=1.21)"", ""gpm_improve"": ""+10 (GPM↑)"", ""opm_improve"": ""+10 (OPM↑)"", ""rev_momentum"": ""+3 (營收正成長)"", ""non_op"": ""+5 (低業外)""}",96.37681159420289
2357.TW,華碩,98,🏆 SSS級：雙拐點確認,14.79,0.98,True,1,5.64,1.47,True,1,1.5,5.78,0.0,True,0,"{""base"": 30, ""gpm_inflection"": ""+15 (GPM拐點)"", ""opm_inflection"": ""+10 (OPM拐點)"", ""ol"": ""+15 (OL=1.50)"", ""gpm_improve"": ""+10 (GPM↑)"", ""opm_improve"": ""+10 (OPM↑)"", ""rev_momentum"": ""+3 (營收正成長)"", ""non_op"": ""+5 (低業外)""}",96.37681159420289
3714.TW,富采,95,🏆 SSS級：雙拐點確認,8.26,1.34,True,1,-12.77,1.77,True,1,1.32,-1.1,0.0,False,0,"{""base"": 30, ""gpm_inflection"": ""+15 (GPM拐點)"", ""opm_inflection"": ""+10 (OPM拐點)"", ""ol"": ""+15 (OL=1.32)"", ""gpm_improve"": ""+10 (GPM↑)"", ""opm_improve"": ""+10 (OPM↑)"", ""rev_momentum"": ""0"", ""non_op"": ""+5 (低業外)""}",91.66666666666666
1605.TW,華新,95,🏆 SSS級：雙拐點確認,6.83,2.07,True,1,0.61,2.17,True,1,1.05,0.0,0.0,True,0,"{""base"": 30, ""gpm_inflection"": ""+15 (GPM拐點)"", ""opm_inflection"": ""+10 (OPM拐點)"", ""ol"": ""+15 (OL=1.05)"", ""gpm_improve"": ""+10 (GPM↑)"", ""opm_improve"": ""+10 (OPM↑)"", ""rev_momentum"": ""0"", ""non_op"": ""+5 (低業外)""}",91.66666666666666
1513.TW,中興電,93,⭐ A級：持續性擴張,25.31,0.63,False,2,18.32,1.14,False,2,1.81,5.4,0.0,True,0,"{""base"": 30, ""gpm_consecutive"": ""+10 (GPM連續2季)"", ""opm_consecutive"": ""+10 (OPM連續2季)"", ""ol"": ""+15 (OL=1.81)"", ""gpm_improve"": ""+10 (GPM↑)"", ""opm_improve"": ""+10 (OPM↑)"", ""rev_momentum"": ""+3 (營收正成長)"", ""non_op"": ""+5 (低業外)""}",83.33333333333334
3443.TW,創意,93,🏆 SSS級：雙拐點確認,24.76,0.54,True,1,12.74,0.49,True,1,0.91,10.29,0.0,True,0,"{""base"": 30, ""gpm_inflection"": ""+15 (GPM拐點)"", ""opm_inflection"": ""+10 (OPM拐點)"", ""ol"": ""+10 (OL=0.91)"", ""gpm_improve"": ""+10 (GPM↑)"", ""opm_improve"": ""+10 (OPM↑)"", ""rev_momentum"": ""+3 (營收正成長)"", ""non_op"": ""+5 (低業外)""}",83.33333333333334
2408.TW,南亞科,93,⭐ A級：持續性擴張,0.62,21.18,False,3,-17.91,24.85,False,3,1.17,1.73,0.0,True,0,"{""base"": 30, ""gpm_consecutive"": ""+10 (GPM連續3季)"", ""opm_consecutive"": ""+10 (OPM連續3季)"", ""ol"": ""+15 (OL=1.17)"", ""gpm_improve"": ""+10 (GPM↑)"", ""opm_improve"": ""+10 (OPM↑)"", ""rev_momentum"": ""+3 (營收正成長)"", ""non_op"": ""+5 (低業外)""}",83.33333333333334
1101.TW,台泥,93,⭐ A級：持續性擴張,18.36,3.24,False,3,7.82,4.67,False,3,1.44,1.33,0.0,True,0,"{""base"": 30, ""gpm_consecutive"": ""+10 (GPM連續3季)"", ""opm_consecutive"": ""+10 (OPM連續3季)"", ""ol"": ""+15 (OL=1.44)"", ""gpm_improve"": ""+10 (GPM↑)"", ""opm_improve"": ""+10 (OPM↑)"", ""rev_momentum"": ""+3 (營收正成長)"", ""non_op"": ""+5 (低業外)""}",83.33333333333334
1504.TW,東元,93,🔥 S級：結構性拐點,24.01,0.53,True,1,9.82,0.35,False,3,0.66,25.45,0.0,True,0,"{""base"": 30, ""gpm_inflection"": ""+15 (GPM拐點)"", ""opm_consecutive"": ""+10 (OPM連續3季)"", ""ol"": ""+10 (OL=0.66)"", ""gpm_improve"": ""+10 (GPM↑)"", ""opm_improve"": ""+10 (OPM↑)"", ""rev_momentum"": ""+3 (營收正成長)"", ""non_op"": ""+5 (低業外)""}",83.33333333333334
2313.TW,華通,93,⭐ A級：持續性擴張,18.54,0.3,False,3,10.63,0.42,False,3,1.4,8.18,0.0,True,0,"{""base"": 30, ""gpm_consecutive"": ""+10 (GPM連續3季)"", ""opm_consecutive"": ""+10 (OPM連續3季)"", ""ol"": ""+15 (OL=1.40)"", ""gpm_improve"": ""+10 (GPM↑)"", ""opm_improve"": ""+10 (OPM↑)"", ""rev_momentum"": ""+3 (營收正成長)"", ""non_op"": ""+5 (低業外)""}",83.33333333333334
5904.TW,寶雅,93,⭐ A級：持續性擴張,44.36,1.72,False,3,14.39,2.3,False,2,1.34,12.74,0.0,True,0,"{""base"": 30, ""gpm_consecutive"": ""+10 (GPM連續3季)"", ""opm_consecutive"": ""+10 (OPM連續2季)"", ""ol"": ""+15 (OL=1.34)"", ""gpm_improve"": ""+10 (GPM↑)"", ""opm_improve"": ""+10 (OPM↑)"", ""rev_momentum"": ""+3 (營收正成長)"", ""non_op"": ""+5 (低業外)""}",83.33333333333334
2207.TW,和泰車,93,⭐ A級：持續性擴張,20.03,0.41,False,3,13.29,0.62,False,3,1.51,8.12,0.0,True,0,"{""base"": 30, ""gpm_consecutive"": ""+10 (GPM連續3季)"", ""opm_consecutive"": ""+10 (OPM連續3季)"", ""ol"": ""+15 (OL=1.51)"", ""gpm_improve"": ""+10 (GPM↑)"", ""opm_improve"": ""+10 (OPM↑)"", ""rev_momentum"": ""+3 (營收正成長)"", ""non_op"": ""+5 (低業外)""}",83.33333333333334
6505.TW,台塑化,93,⭐ A級：持續性擴張,2.89,6.08,False,2,1.17,6.25,False,2,1.03,6.96,0.0,True,0,"{""base"": 30, ""gpm_consecutive"": ""+10 (GPM連續2季)"", ""opm_consecutive"": ""+10 (OPM連續2季)"", ""ol"": ""+15 (OL=1.03)"", ""gpm_improve"": ""+10 (GPM↑)"", ""opm_improve"": ""+10 (OPM↑)"", ""rev_momentum"": ""+3 (營收正成長)"", ""non_op"": ""+5 (低業外)""}",83.33333333333334
2353.TW,宏碁,93,⭐ A級：持續性擴張,10.63,0.52,False,3,1.63,0.53,False,2,1.02,25.71,0.0,True,0,"{""base"": 30, ""gpm_consecutive"": ""+10 (GPM連續3季)"", ""opm_consecutive"": ""+10 (OPM連續2季)"", ""ol"": ""+15 (OL=1.02)"", ""gpm_improve"": ""+10 (GPM↑)"", ""opm_improve"": ""+10 (OPM↑)"", ""rev_momentum"": ""+3 (營收正成長)"", ""non_op"": ""+5 (低業外)""}",83.33333333333334
2354.TW,鴻準,93,🏆 SSS級：雙拐點確認,3.56,0.59,True,1,1.34,0.39,True,1,0.66,7.78,0.0,True,0,"{""base"": 30, ""gpm_inflection"": ""+15 (GPM拐點)"", ""opm_inflection"": ""+10 (OPM拐點)"", ""ol"": ""+10 (OL=0.66)"", ""gpm_improve"": ""+10 (GPM↑)"", ""opm_improve"": ""+10 (OPM↑)"", ""rev_momentum"": ""+3 (營收正成長)"", ""non_op"": ""+5 (低業外)""}",83.33333333333334
2439.TW,美律,93,🔥 S級：結構性拐點,12.29,0.58,True,1,2.82,0.46,False,3,0.79,7.8,0.0,True,0,"{""base"": 30, ""gpm_inflection"": ""+15 (GPM拐點)"", ""opm_consecutive"": ""+10 (OPM連續3季)"", ""ol"": ""+10 (OL=0.79)"", ""gpm_improve"": ""+10 (GPM↑)"", ""opm_improve"": ""+10 (OPM↑)"", ""rev_momentum"": ""+3 (營收正成長)"", ""non_op"": ""+5 (低業外)""}",83.33333333333334
2457.TW,飛宏,93,⭐ A級：持續性擴張,21.01,3.03,False,3,-5.88,3.37,False,3,1.11,4.17,0.0,True,0,"{""base"": 30, ""gpm_consecutive"": ""+10 (GPM連續3季)"", ""opm_consecutive"": ""+10 (OPM連續3季)"", ""ol"": ""+15 (OL=1.11)"", ""gpm_improve"": ""+10 (GPM↑)"", ""opm_improve"": ""+10 (OPM↑)"", ""rev_momentum"": ""+3 (營收正成長)"", ""non_op"": ""+5 (低業外)""}",83.33333333333334
2637.TW,慧洋-KY,93,⭐ A級：持續性擴張,19.5,1.45,False,3,18.4,1.54,False,3,1.06,5.04,0.0,True,0,"{""base"": 30, ""gpm_consecutive"": ""+10 (GPM連續3季)"", ""opm_consecutive"": ""+10 (OPM連續3季)"", ""ol"": ""+15 (OL=1.06)"", ""gpm_improve"": ""+10 (GPM↑)"", ""opm_improve"": ""+10 (OPM↑)"", ""rev_momentum"": ""+3 (營收正成長)"", ""non_op"": ""+5 (低業外)""}",83.33333333333334
3035.TW,智原,93,🔥 S級：結構性拐點,24.19,0.01,False,3,3.11,1.7,True,1,170.0,3.5,0.0,True,0,"{""base"": 30, ""opm_inflection"": ""+10 (OPM拐點)"", ""gpm_consecutive"": ""+10 (GPM連續3季)"", ""ol"": ""+15 (OL=170.00)"", ""gpm_improve"": ""+10 (GPM↑)"", ""opm_improve"": ""+10 (OPM↑)"", ""rev_momentum"": ""+3 (營收正成長)"", ""non_op"": ""+5 (低業外)""}",83.33333333333334
3406.TW,玉晶光,93,⭐ A級：持續性擴張,31.82,2.04,False,2,18.54,5.35,False,2,2.62,10.65,0.0,True,0,"{""base"": 30, ""gpm_consecutive"": ""+10 (GPM連續2季)"", ""opm_consecutive"": ""+10 (OPM連續2季)"", ""ol"": ""+15 (OL=2.62)"", ""gpm_improve"": ""+10 (GPM↑)"", ""opm_improve"": ""+10 (OPM↑)"", ""rev_momentum"": ""+3 (營收正成長)"", ""non_op"": ""+5 (低業外)""}",83.33333333333334
6414.TW,樺漢,93,⭐ A級：持續性擴張,20.46,2.24,False,2,2.47,3.24,False,2,1.45,10.46,0.0,True,0,"{""base"": 30, ""gpm_consecutive"": ""+10 (GPM連續2季)"", ""opm_consecutive"": ""+10 (OPM連續2季)"", ""ol"": ""+15 (OL=1.45)"", ""gpm_improve"": ""+10 (GPM↑)"", ""opm_improve"": ""+10 (OPM↑)"", ""rev_momentum"": ""+3 (營收正成長)"", ""non_op"": ""+5 (低業外)""}",83.33333333333334
3532.TW,台勝科,93,🏆 SSS級：雙拐點確認,15.86,1.44,True,1,7.69,1.34,True,1,0.93,0.93,0.0,True,0,"{""base"": 30, ""gpm_inflection"": ""+15 (GPM拐點)"", ""opm_inflection"": ""+10 (OPM拐點)"", ""ol"": ""+10 (OL=0.93)"", ""gpm_improve"": ""+10 (GPM↑)"", ""opm_improve"": ""+10 (OPM↑)"", ""rev_momentum"": ""+3 (營收正成長)"", ""non_op"": ""+5 (低業外)""}",83.33333333333334
2241.TW,原相,93,⭐ A級：持續性擴張,-2.34,15.9,False,2,-24.54,21.52,False,2,1.35,0.5,0.0,True,0,"{""base"": 30, ""gpm_consecutive"": ""+10 (GPM連續2季)"", ""opm_consecutive"": ""+10 (OPM連續2季)"", ""ol"": ""+15 (OL=1.35)"", ""gpm_improve"": ""+10 (GPM↑)"", ""opm_improve"": ""+10 (OPM↑)"", ""rev_momentum"": ""+3 (營收正成長)"", ""non_op"": ""+5 (低業外)""}",83.33333333333334
2382.TW,廣達,93,🏆 SSS級：雙拐點確認,7.27,0.22,True,1,4.27,0.22,True,1,1.0,15.17,0.0,True,0,"{""base"": 30, ""gpm_inflection"": ""+15 (GPM拐點)"", ""opm_inflection"": ""+10 (OPM拐點)"", ""ol"": ""+10 (OL=1.00)"", ""gpm_improve"": ""+10 (GPM↑)"", ""opm_improve"": ""+10 (OPM↑)"", ""rev_momentum"": ""+3 (營收正成長)"", ""non_op"": ""+5 (低業外)""}",83.33333333333334
2002.TW,中鋼,93,🏆 SSS級：雙拐點確認,2.23,1.55,True,1,-1.76,1.31,True,1,0.85,0.29,0.0,True,0,"{""base"": 30, ""gpm_inflection"": ""+15 (GPM拐點)"", ""opm_inflection"": ""+10 (OPM拐點)"", ""ol"": ""+10 (OL=0.85)"", ""gpm_improve"": ""+10 (GPM↑)"", ""opm_improve"": ""+10 (OPM↑)"", ""rev_momentum"": ""+3 (營收正成長)"", ""non_op"": ""+5 (低業外)""}",83.33333333333334
4919.TW,新唐,90,🏆 SSS級：雙拐點確認,37.42,2.52,True,1,-2.32,1.54,True,1,0.61,-1.76,0.0,False,0,"{""base"": 30, ""gpm_inflection"": ""+15 (GPM拐點)"", ""opm_inflection"": ""+10 (OPM拐點)"", ""ol"": ""+10 (OL=0.61)"", ""gpm_improve"": ""+10 (GPM↑)"", ""opm_improve"": ""+10 (OPM↑)"", ""rev_momentum"": ""0"", ""non_op"": ""+5 (低業外)""}",75.36231884057972
2344.TW,華邦電,88,⭐ A級：持續性擴張,31.94,9.28,False,3,2.3,8.46,False,3,0.91,7.51,0.0,True,0,"{""base"": 30, ""gpm_consecutive"": ""+10 (GPM連續3季)"", ""opm_consecutive"": ""+10 (OPM連續3季)"", ""ol"": ""+10 (OL=0.91)"", ""gpm_improve"": ""+10 (GPM↑)"", ""opm_improve"": ""+10 (OPM↑)"", ""rev_momentum"": ""+3 (營收正成長)"", ""non_op"": ""+5 (低業外)""}",68.11594202898551
1326.TW,台化,88,⭐ A級：持續性擴張,3.02,2.15,False,2,-1.43,2.0,False,2,0.93,8.21,0.0,True,0,"{""base"": 30, ""gpm_consecutive"": ""+10 (GPM連續2季)"", ""opm_consecutive"": ""+10 (OPM連續2季)"", ""ol"": ""+10 (OL=0.93)"", ""gpm_improve"": ""+10 (GPM↑)"", ""opm_improve"": ""+10 (OPM↑)"", ""rev_momentum"": ""+3 (營收正成長)"", ""non_op"": ""+5 (低業外)""}",68.11594202898551
3706.TW,神達,88,⭐ A級：持續性擴張,11.88,1.16,False,2,5.55,0.85,False,2,0.73,15.58,0.0,True,0,"{""base"": 30, ""gpm_consecutive"": ""+10 (GPM連續2季)"", ""opm_consecutive"": ""+10 (OPM連續2季)"", ""ol"": ""+10 (OL=0.73)"", ""gpm_improve"": ""+10 (GPM↑)"", ""opm_improve"": ""+10 (OPM↑)"", ""rev_momentum"": ""+3 (營收正成長)"", ""non_op"": ""+5 (低業外)""}",68.11594202898551
3231.TW,緯創,88,⭐ A級：持續性擴張,6.38,1.94,False,2,3.62,1.66,False,2,0.86,10.57,0.0,True,0,"{""base"": 30, ""gpm_consecutive"": ""+10 (GPM連續2季)"", ""opm_consecutive"": ""+10 (OPM連續2季)"", ""ol"": ""+10 (OL=0.86)"", ""gpm_improve"": ""+10 (GPM↑)"", ""opm_improve"": ""+10 (OPM↑)"", ""rev_momentum"": ""+3 (營收正成長)"", ""non_op"": ""+5 (低業外)""}",68.11594202898551
2615.TW,萬海,88,🏆 SSS級：雙拐點確認,29.48,1.07,True,1,25.14,0.28,True,1,0.26,8.18,0.0,True,0,"{""base"": 30, ""gpm_inflection"": ""+15 (GPM拐點)"", ""opm_inflection"": ""+10 (OPM拐點)"", ""ol"": ""+5 (OL=0.26)"", ""gpm_improve"": ""+10 (GPM↑)"", ""opm_improve"": ""+10 (OPM↑)"", ""rev_momentum"": ""+3 (營收正成長)"", ""non_op"": ""+5 (低業外)""}",68.11594202898551
2606.TW,裕民,88,⭐ A級：持續性擴張,26.36,3.57,False,3,21.3,3.51,False,3,0.98,9.98,0.0,True,0,"{""base"": 30, ""gpm_consecutive"": ""+10 (GPM連續3季)"", ""opm_consecutive"": ""+10 (OPM連續3季)"", ""ol"": ""+10 (OL=0.98)"", ""gpm_improve"": ""+10 (GPM↑)"", ""opm_improve"": ""+10 (OPM↑)"", ""rev_momentum"": ""+3 (營收正成長)"", ""non_op"": ""+5 (低業外)""}",68.11594202898551
9904.TW,寶成,88,🏆 SSS級：雙拐點確認,23.15,0.46,True,1,4.67,0.13,True,1,0.28,10.01,0.0,True,0,"{""base"": 30, ""gpm_inflection"": ""+15 (GPM拐點)"", ""opm_inflection"": ""+10 (OPM拐點)"", ""ol"": ""+5 (OL=0.28)"", ""gpm_improve"": ""+10 (GPM↑)"", ""opm_improve"": ""+10 (OPM↑)"", ""rev_momentum"": ""+3 (營收正成長)"", ""non_op"": ""+5 (低業外)""}",68.11594202898551
2451.TW,創見,88,⭐ A級：持續性擴張,37.07,2.74,False,3,26.86,2.73,False,3,1.0,9.28,0.0,True,0,"{""base"": 30, ""gpm_consecutive"": ""+10 (GPM連續3季)"", ""opm_consecutive"": ""+10 (OPM連續3季)"", ""ol"": ""+10 (OL=1.00)"", ""gpm_improve"": ""+10 (GPM↑)"", ""opm_improve"": ""+10 (OPM↑)"", ""rev_momentum"": ""+3 (營收正成長)"", ""non_op"": ""+5 (低業外)""}",68.11594202898551
2376.TW,技嘉,88,🏆 SSS級：雙拐點確認,10.5,1.08,True,1,5.24,0.06,True,1,0.06,6.91,0.0,True,0,"{""base"": 30, ""gpm_inflection"": ""+15 (GPM拐點)"", ""opm_inflection"": ""+10 (OPM拐點)"", ""ol"": ""+5 (OL=0.06)"", ""gpm_improve"": ""+10 (GPM↑)"", ""opm_improve"": ""+10 (OPM↑)"", ""rev_momentum"": ""+3 (營收正成長)"", ""non_op"": ""+5 (低業外)""}",68.11594202898551
6005.TW,群益證,88,⭐ A級：持續性擴張,69.12,1.63,False,3,22.82,1.21,False,3,0.74,6.13,0.0,True,0,"{""base"": 30, ""gpm_consecutive"": ""+10 (GPM連續3季)"", ""opm_consecutive"": ""+10 (OPM連續3季)"", ""ol"": ""+10 (OL=0.74)"", ""gpm_improve"": ""+10 (GPM↑)"", ""opm_improve"": ""+10 (OPM↑)"", ""rev_momentum"": ""+3 (營收正成長)"", ""non_op"": ""+5 (低業外)""}",68.11594202898551
2105.TW,正新,88,⭐ A級：持續性擴張,22.69,0.85,False,2,8.22,0.62,False,2,0.73,6.07,0.0,True,0,"{""base"": 30, ""gpm_consecutive"": ""+10 (GPM連續2季)"", ""opm_consecutive"": ""+10 (OPM連續2季)"", ""ol"": ""+10 (OL=0.73)"", ""gpm_improve"": ""+10 (GPM↑)"", ""opm_improve"": ""+10 (OPM↑)"", ""rev_momentum"": ""+3 (營收正成長)"", ""non_op"": ""+5 (低業外)""}",68.11594202898551
1802.TW,台玻,88,⭐ A級：持續性擴張,10.88,0.88,False,2,-0.47,0.79,False,3,0.9,4.83,0.0,True,0,"{""base"": 30, ""gpm_consecutive"": ""+10 (GPM連續2季)"", ""opm_consecutive"": ""+10 (OPM連續3季)"", ""ol"": ""+10 (OL=0.90)"", ""gpm_improve"": ""+10 (GPM↑)"", ""opm_improve"": ""+10 (OPM↑)"", ""rev_momentum"": ""+3 (營收正成長)"", ""non_op"": ""+5 (低業外)""}",68.11594202898551
2368.TW,金像電,88,⭐ A級：持續性擴張,32.48,2.92,False,2,23.07,2.37,False,3,0.81,30.72,0.0,True,0,"{""base"": 30, ""gpm_consecutive"": ""+10 (GPM連續2季)"", ""opm_consecutive"": ""+10 (OPM連續3季)"", ""ol"": ""+10 (OL=0.81)"", ""gpm_improve"": ""+10 (GPM↑)"", ""opm_improve"": ""+10 (OPM↑)"", ""rev_momentum"": ""+3 (營收正成長)"", ""non_op"": ""+5 (低業外)""}",68.11594202898551
3661.TW,世芯-KY,88,⭐ A級：持續性擴張,23.5,2.86,False,2,14.51,1.93,False,2,0.67,7.96,0.0,True,0,"{""base"": 30, ""gpm_consecutive"": ""+10 (GPM連續2季)"", ""opm_consecutive"": ""+10 (OPM連續2季)"", ""ol"": ""+10 (OL=0.67)"", ""gpm_improve"": ""+10 (GPM↑)"", ""opm_improve"": ""+10 (OPM↑)"", ""rev_momentum"": ""+3 (營收正成長)"", ""non_op"": ""+5 (低業外)""}",68.11594202898551
6669.TW,緯穎,88,🔥 S級：結構性拐點,8.71,0.13,True,1,7.21,0.01,False,3,0.08,18.78,0.0,True,0,"{""base"": 30, ""gpm_inflection"": ""+15 (GPM拐點)"", ""opm_consecutive"": ""+10 (OPM連續3季)"", ""ol"": ""+5 (OL=0.08)"", ""gpm_improve"": ""+10 (GPM↑)"", ""opm_improve"": ""+10 (OPM↑)"", ""rev_momentum"": ""+3 (營收正成長)"", ""non_op"": ""+5 (低業外)""}",68.11594202898551
2301.TW,光寶科,88,⭐ A級：持續性擴張,23.34,1.22,False,3,9.93,0.71,False,2,0.58,3.9,0.0,True,0,"{""base"": 30, ""gpm_consecutive"": ""+10 (GPM連續3季)"", ""opm_consecutive"": ""+10 (OPM連續2季)"", ""ol"": ""+10 (OL=0.58)"", ""gpm_improve"": ""+10 (GPM↑)"", ""opm_improve"": ""+10 (OPM↑)"", ""rev_momentum"": ""+3 (營收正成長)"", ""non_op"": ""+5 (低業外)""}",68.11594202898551
4938.TW,和碩,88,⭐ A級：持續性擴張,3.69,0.56,False,2,0.9,0.35,False,2,0.62,6.82,0.0,True,0,"{""base"": 30, ""gpm_consecutive"": ""+10 (GPM連續2季)"", ""opm_consecutive"": ""+10 (OPM連續2季)"", ""ol"": ""+10 (OL=0.62)"", ""gpm_improve"": ""+10 (GPM↑)"", ""opm_improve"": ""+10 (OPM↑)"", ""rev_momentum"": ""+3 (營收正成長)"", ""non_op"": ""+5 (低業外)""}",68.11594202898551
3034.TW,聯詠,88,🏆 SSS級：雙拐點確認,37.5,1.2,True,1,18.47,0.03,True,1,0.02,6.6,0.0,True,0,"{""base"": 30, ""gpm_inflection"": ""+15 (GPM拐點)"", ""opm_inflection"": ""+10 (OPM拐點)"", ""ol"": ""+5 (OL=0.02)"", ""gpm_improve"": ""+10 (GPM↑)"", ""opm_improve"": ""+10 (OPM↑)"", ""rev_momentum"": ""+3 (營收正成長)"", ""non_op"": ""+5 (低業外)""}",68.11594202898551
2356.TW,英業達,88,🏆 SSS級：雙拐點確認,5.35,0.26,True,1,1.96,0.01,True,1,0.04,10.95,0.0,True,0,"{""base"": 30, ""gpm_inflection"": ""+15 (GPM拐點)"", ""opm_inflection"": ""+10 (OPM拐點)"", ""ol"": ""+5 (OL=0.04)"", ""gpm_improve"": ""+10 (GPM↑)"", ""opm_improve"": ""+10 (OPM↑)"", ""rev_momentum"": ""+3 (營收正成長)"", ""non_op"": ""+5 (低業外)""}",68.11594202898551
2412.TW,中華電,85,⭐ A級：持續性擴張,38.07,0.93,False,2,21.8,0.91,False,2,0.98,0.0,0.0,True,0,"{""base"": 30, ""gpm_consecutive"": ""+10 (GPM連續2季)"", ""opm_consecutive"": ""+10 (OPM連續2季)"", ""ol"": ""+10 (OL=0.98)"", ""gpm_improve"": ""+10 (GPM↑)"", ""opm_improve"": ""+10 (OPM↑)"", ""rev_momentum"": ""0"", ""non_op"": ""+5 (低業外)""}",60.86956521739131
6285.TW,啟碁,83,🔥 S級：結構性拐點,11.96,0.41,False,3,3.21,0.01,True,1,0.02,5.0,0.0,True,0,"{""base"": 30, ""opm_inflection"": ""+10 (OPM拐點)"", ""gpm_consecutive"": ""+10 (GPM連續3季)"", ""ol"": ""+5 (OL=0.02)"", ""gpm_improve"": ""+10 (GPM↑)"", ""opm_improve"": ""+10 (OPM↑)"", ""rev_momentum"": ""+3 (營收正成長)"", ""non_op"": ""+5 (低業外)""}",58.69565217391305
3665.TW,貿聯-KY,83,⭐ A級：持續性擴張,31.65,0.53,False,3,17.15,0.22,False,3,0.42,14.83,0.0,True,0,"{""base"": 30, ""gpm_consecutive"": ""+10 (GPM連續3季)"", ""opm_consecutive"": ""+10 (OPM連續3季)"", ""ol"": ""+5 (OL=0.42)"", ""gpm_improve"": ""+10 (GPM↑)"", ""opm_improve"": ""+10 (OPM↑)"", ""rev_momentum"": ""+3 (營收正成長)"", ""non_op"": ""+5 (低業外)""}",58.69565217391305
4958.TW,臻鼎-KY,83,⭐ A級：持續性擴張,18.55,0.2,False,3,6.38,0.03,False,3,0.15,15.52,0.0,True,0,"{""base"": 30, ""gpm_consecutive"": ""+10 (GPM連續3季)"", ""opm_consecutive"": ""+10 (OPM連續3季)"", ""ol"": ""+5 (OL=0.15)"", ""gpm_improve"": ""+10 (GPM↑)"", ""opm_improve"": ""+10 (OPM↑)"", ""rev_momentum"": ""+3 (營收正成長)"", ""non_op"": ""+5 (低業外)""}",58.69565217391305
2480.TW,敦陽科,83,⭐ A級：持續性擴張,24.38,1.03,False,2,12.3,0.26,False,2,0.25,6.69,0.0,True,0,"{""base"": 30, ""gpm_consecutive"": ""+10 (GPM連續2季)"", ""opm_consecutive"": ""+10 (OPM連續2季)"", ""ol"": ""+5 (OL=0.25)"", ""gpm_improve"": ""+10 (GPM↑)"", ""opm_improve"": ""+10 (OPM↑)"", ""rev_momentum"": ""+3 (營收正成長)"", ""non_op"": ""+5 (低業外)""}",58.69565217391305
6446.TW,藥華藥,83,⭐ A級：持續性擴張,89.39,1.89,False,3,31.31,0.9,False,2,0.48,4.22,0.0,True,0,"{""base"": 30, ""gpm_consecutive"": ""+10 (GPM連續3季)"", ""opm_consecutive"": ""+10 (OPM連續2季)"", ""ol"": ""+5 (OL=0.48)"", ""gpm_improve"": ""+10 (GPM↑)"", ""opm_improve"": ""+10 (OPM↑)"", ""rev_momentum"": ""+3 (營收正成長)"", ""non_op"": ""+5 (低業外)""}",58.69565217391305
2352.TW,佳世達,80,🔥 S級：結構性拐點,16.77,0.63,False,2,1.66,0.24,True,1,0.38,-0.75,0.0,False,0,"{""base"": 30, ""opm_inflection"": ""+10 (OPM拐點)"", ""gpm_consecutive"": ""+10 (GPM連續2季)"", ""ol"": ""+5 (OL=0.38)"", ""gpm_improve"": ""+10 (GPM↑)"", ""opm_improve"": ""+10 (OPM↑)"", ""rev_momentum"": ""0"", ""non_op"": ""+5 (低業外)""}",56.52173913043478
3008.TW,大立光,78,🔥 S級：結構性拐點,51.39,-2.24,True,0,39.22,-2.58,True,0,1.15,2.33,0.0,True,0,"{""base"": 30, ""gpm_inflection"": ""+15 (GPM拐點)"", ""opm_inflection"": ""+10 (OPM拐點)"", ""ol"": ""+15 (OL=1.15)"", ""gpm_improve"": ""0"", ""opm_improve"": ""0"", ""rev_momentum"": ""+3 (營收正成長)"", ""non_op"": ""+5 (低業外)""}",55.434782608695656
1301.TW,台塑,78,🔥 S級：結構性拐點,3.44,-0.06,True,0,-3.83,-0.39,True,0,6.5,9.49,0.0,True,0,"{""base"": 30, ""gpm_inflection"": ""+15 (GPM拐點)"", ""opm_inflection"": ""+10 (OPM拐點)"", ""ol"": ""+15 (OL=6.50)"", ""gpm_improve"": ""0"", ""opm_improve"": ""0"", ""rev_momentum"": ""+3 (營收正成長)"", ""non_op"": ""+5 (低業外)""}",55.434782608695656
1795.TW,美時,73,🔥 S級：結構性拐點,59.26,0.42,True,1,30.96,-0.72,True,0,-1.71,8.88,0.0,True,0,"{""base"": 30, ""gpm_inflection"": ""+15 (GPM拐點)"", ""opm_inflection"": ""+10 (OPM拐點)"", ""ol"": ""0 (OL=-1.71)"", ""gpm_improve"": ""+10 (GPM↑)"", ""opm_improve"": ""0"", ""rev_momentum"": ""+3 (營收正成長)"", ""non_op"": ""+5 (低業外)""}",53.2608695652174
2707.TW,晶華,73,🔥 S級：結構性拐點,31.93,-0.06,True,0,24.27,0.26,True,1,-4.33,10.58,0.0,True,0,"{""base"": 30, ""gpm_inflection"": ""+15 (GPM拐點)"", ""opm_inflection"": ""+10 (OPM拐點)"", ""ol"": ""0 (OL=-4.33)"", ""gpm_improve"": ""0"", ""opm_improve"": ""+10 (OPM↑)"", ""rev_momentum"": ""+3 (營收正成長)"", ""non_op"": ""+5 (低業外)""}",53.2608695652174
2474.TW,可成,73,🔥 S級：結構性拐點,31.23,0.77,True,1,17.53,-0.26,True,0,-0.34,6.97,0.0,True,0,"{""base"": 30, ""gpm_inflection"": ""+15 (GPM拐點)"", ""opm_inflection"": ""+10 (OPM拐點)"", ""ol"": ""0 (OL=-0.34)"", ""gpm_improve"": ""+10 (GPM↑)"", ""opm_improve"": ""0"", ""rev_momentum"": ""+3 (營收正成長)"", ""non_op"": ""+5 (低業外)""}",53.2608695652174
3376.TW,新日興,73,🔥 S級：結構性拐點,14.63,0.44,True,1,3.0,-0.14,True,0,-0.32,2.43,0.0,True,0,"{""base"": 30, ""gpm_inflection"": ""+15 (GPM拐點)"", ""opm_inflection"": ""+10 (OPM拐點)"", ""ol"": ""0 (OL=-0.32)"", ""gpm_improve"": ""+10 (GPM↑)"", ""opm_improve"": ""0"", ""rev_momentum"": ""+3 (營收正成長)"", ""non_op"": ""+5 (低業外)""}",53.2608695652174
2337.TW,旺宏,70,🔥 S級：結構性拐點,15.43,-0.22,True,0,-15.63,0.24,False,2,-1.09,-0.09,0.0,False,0,"{""base"": 30, ""gpm_inflection"": ""+15 (GPM拐點)"", ""opm_consecutive"": ""+10 (OPM連續2季)"", ""ol"": ""0 (OL=-1.09)"", ""gpm_improve"": ""0"", ""opm_improve"": ""+10 (OPM↑)"", ""rev_momentum"": ""0"", ""non_op"": ""+5 (低業外)""}",51.449275362318836
4961.TW,天鈺,68,⭐ A級：轉型初期,28.71,0.08,False,2,8.89,-0.86,True,0,-10.75,4.22,0.0,True,0,"{""base"": 30, ""opm_inflection"": ""+10 (OPM拐點)"", ""gpm_consecutive"": ""+10 (GPM連續2季)"", ""ol"": ""0 (OL=-10.75)"", ""gpm_improve"": ""+10 (GPM↑)"", ""opm_improve"": ""0"", ""rev_momentum"": ""+3 (營收正成長)"", ""non_op"": ""+5 (低業外)""}",50.72463768115942
6770.TW,力積電,65,⭐ A級：轉型初期,-6.81,2.25,False,2,-15.31,-0.27,True,0,-0.12,-2.93,0.0,False,0,"{""base"": 30, ""opm_inflection"": ""+10 (OPM拐點)"", ""gpm_consecutive"": ""+10 (GPM連續2季)"", ""ol"": ""0 (OL=-0.12)"", ""gpm_improve"": ""+10 (GPM↑)"", ""opm_improve"": ""0"", ""rev_momentum"": ""0"", ""non_op"": ""+5 (低業外)""}",50.0
3037.TW,欣興,63,⭐ A級：轉型初期,13.28,0.2,True,1,4.46,-0.19,False,0,-0.95,5.12,0.0,True,0,"{""base"": 30, ""gpm_inflection"": ""+15 (GPM拐點)"", ""ol"": ""0 (OL=-0.95)"", ""gpm_improve"": ""+10 (GPM↑)"", ""opm_improve"": ""0"", ""rev_momentum"": ""+3 (營收正成長)"", ""non_op"": ""+5 (低業外)""}",46.73913043478261
6415.TW,矽力*-KY,63,⭐ A級：轉型初期,51.79,0.32,True,1,10.41,-1.52,False,0,-4.75,8.67,0.0,True,0,"{""base"": 30, ""gpm_inflection"": ""+15 (GPM拐點)"", ""ol"": ""0 (OL=-4.75)"", ""gpm_improve"": ""+10 (GPM↑)"", ""opm_improve"": ""0"", ""rev_momentum"": ""+3 (營收正成長)"", ""non_op"": ""+5 (低業外)""}",46.73913043478261
3533.TW,嘉澤,63,⭐ A級：轉型初期,51.22,0.22,True,1,30.88,-0.29,False,0,-1.32,10.12,0.0,True,0,"{""base"": 30, ""gpm_inflection"": ""+15 (GPM拐點)"", ""ol"": ""0 (OL=-1.32)"", ""gpm_improve"": ""+10 (GPM↑)"", ""opm_improve"": ""0"", ""rev_momentum"": ""+3 (營收正成長)"", ""non_op"": ""+5 (低業外)""}",46.73913043478261
2345.TW,智邦,63,⭐ A級：轉型初期,18.17,0.24,True,1,13.06,-0.33,False,0,-1.37,26.49,0.0,True,0,"{""base"": 30, ""gpm_inflection"": ""+15 (GPM拐點)"", ""ol"": ""0 (OL=-1.37)"", ""gpm_improve"": ""+10 (GPM↑)"", ""opm_improve"": ""0"", ""rev_momentum"": ""+3 (營收正成長)"", ""non_op"": ""+5 (低業外)""}",46.73913043478261
6239.TW,力成,63,⭐ A級：轉型初期,16.33,0.41,True,1,10.16,-0.01,False,0,-0.02,3.43,0.0,True,0,"{""base"": 30, ""gpm_inflection"": ""+15 (GPM拐點)"", ""ol"": ""0 (OL=-0.02)"", ""gpm_improve"": ""+10 (GPM↑)"", ""opm_improve"": ""0"", ""rev_momentum"": ""+3 (營收正成長)"", ""non_op"": ""+5 (低業外)""}",46.73913043478261
9914.TW,美利達,63,⭐ A級：轉型初期,15.03,0.18,True,1,7.96,-2.11,False,0,-11.72,3.6,0.0,True,0,"{""base"": 30, ""gpm_inflection"": ""+15 (GPM拐點)"", ""ol"": ""0 (OL=-11.72)"", ""gpm_improve"": ""+10 (GPM↑)"", ""opm_improve"": ""0"", ""rev_momentum"": ""+3 (營收正成長)"", ""non_op"": ""+5 (低業外)""}",46.73913043478261
2379.TW,瑞昱,63,⭐ A級：轉型初期,50.54,0.31,True,1,12.47,-0.09,False,0,-0.29,9.61,0.0,True,0,"{""base"": 30, ""gpm_inflection"": ""+15 (GPM拐點)"", ""ol"": ""0 (OL=-0.29)"", ""gpm_improve"": ""+10 (GPM↑)"", ""opm_improve"": ""0"", ""rev_momentum"": ""+3 (營收正成長)"", ""non_op"": ""+5 (低業外)""}",46.73913043478261
3653.TW,健策,63,⭐ A級：轉型初期,41.72,0.24,True,1,32.33,-0.47,False,0,-1.96,24.51,0.0,True,0,"{""base"": 30, ""gpm_inflection"": ""+15 (GPM拐點)"", ""ol"": ""0 (OL=-1.96)"", ""gpm_improve"": ""+10 (GPM↑)"", ""opm_improve"": ""0"", ""rev_momentum"": ""+3 (營收正成長)"", ""non_op"": ""+5 (低業外)""}",46.73913043478261
3702.TW,大聯大,58,✅ B級：趨勢改善,3.85,0.03,False,3,1.96,0.0,False,0,0.0,11.46,0.0,True,0,"{""base"": 30, ""gpm_consecutive"": ""+10 (GPM連續3季)"", ""ol"": ""0 (OL=0.00)"", ""gpm_improve"": ""+10 (GPM↑)"", ""opm_improve"": ""0"", ""rev_momentum"": ""+3 (營收正成長)"", ""non_op"": ""+5 (低業外)""}",40.21739130434783
9933.TW,中鼎,58,✅ B級：趨勢改善,9.33,1.67,False,2,2.68,-3.21,False,0,-1.92,5.87,0.0,True,0,"{""base"": 30, ""gpm_consecutive"": ""+10 (GPM連續2季)"", ""ol"": ""0 (OL=-1.92)"", ""gpm_improve"": ""+10 (GPM↑)"", ""opm_improve"": ""0"", ""rev_momentum"": ""+3 (營收正成長)"", ""non_op"": ""+5 (低業外)""}",40.21739130434783
2330.TW,台積電,58,✅ B級：趨勢改善,58.97,0.35,False,3,49.63,0.0,False,0,0.0,9.07,0.0,True,0,"{""base"": 30, ""gpm_consecutive"": ""+10 (GPM連續3季)"", ""ol"": ""0 (OL=0.00)"", ""gpm_improve"": ""+10 (GPM↑)"", ""opm_improve"": ""0"", ""rev_momentum"": ""+3 (營收正成長)"", ""non_op"": ""+5 (低業外)""}",40.21739130434783
3711.TW,日月光投控,58,✅ B級：趨勢改善,17.0,-0.04,False,0,7.07,0.31,False,3,-7.75,7.82,0.0,True,0,"{""base"": 30, ""opm_consecutive"": ""+10 (OPM連續3季)"", ""ol"": ""0 (OL=-7.75)"", ""gpm_improve"": ""0"", ""opm_improve"": ""+10 (OPM↑)"", ""rev_momentum"": ""+3 (營收正成長)"", ""non_op"": ""+5 (低業外)""}",40.21739130434783
6515.TW,穎崴,58,✅ B級：趨勢改善,46.68,-2.29,False,0,28.36,-1.86,True,0,0.81,7.36,0.0,True,0,"{""base"": 30, ""opm_inflection"": ""+10 (OPM拐點)"", ""ol"": ""+10 (OL=0.81)"", ""gpm_improve"": ""0"", ""opm_improve"": ""0"", ""rev_momentum"": ""+3 (營收正成長)"", ""non_op"": ""+5 (低業外)""}",40.21739130434783
2015.TW,豐興,58,✅ B級：趨勢改善,11.5,0.1,False,3,8.66,-0.2,False,0,-2.0,2.59,0.0,True,0,"{""base"": 30, ""gpm_consecutive"": ""+10 (GPM連續3季)"", ""ol"": ""0 (OL=-2.00)"", ""gpm_improve"": ""+10 (GPM↑)"", ""opm_improve"": ""0"", ""rev_momentum"": ""+3 (營收正成長)"", ""non_op"": ""+5 (低業外)""}",40.21739130434783
6176.TW,瑞儀,58,✅ B級：趨勢改善,21.49,0.04,False,3,12.86,-0.48,False,0,-12.0,8.66,0.0,True,0,"{""base"": 30, ""gpm_consecutive"": ""+10 (GPM連續3季)"", ""ol"": ""0 (OL=-12.00)"", ""gpm_improve"": ""+10 (GPM↑)"", ""opm_improve"": ""0"", ""rev_momentum"": ""+3 (營收正成長)"", ""non_op"": ""+5 (低業外)""}",40.21739130434783
4966.TW,譜瑞-KY,58,✅ B級：趨勢改善,42.72,-0.39,False,0,17.23,0.01,False,3,-0.03,8.27,0.0,True,0,"{""base"": 30, ""opm_consecutive"": ""+10 (OPM連續3季)"", ""ol"": ""0 (OL=-0.03)"", ""gpm_improve"": ""0"", ""opm_improve"": ""+10 (OPM↑)"", ""rev_momentum"": ""+3 (營收正成長)"", ""non_op"": ""+5 (低業外)""}",40.21739130434783
1514.TW,亞力,58,✅ B級：趨勢改善,18.17,-0.08,False,0,9.39,0.09,True,1,-1.13,4.44,0.0,True,0,"{""base"": 30, ""opm_inflection"": ""+10 (OPM拐點)"", ""ol"": ""0 (OL=-1.13)"", ""gpm_improve"": ""0"", ""opm_improve"": ""+10 (OPM↑)"", ""rev_momentum"": ""+3 (營收正成長)"", ""non_op"": ""+5 (低業外)""}",40.21739130434783
8210.TW,勤誠,58,✅ B級：趨勢改善,30.16,0.24,False,3,22.42,-0.44,False,0,-1.83,29.19,0.0,True,0,"{""base"": 30, ""gpm_consecutive"": ""+10 (GPM連續3季)"", ""ol"": ""0 (OL=-1.83)"", ""gpm_improve"": ""+10 (GPM↑)"", ""opm_improve"": ""0"", ""rev_momentum"": ""+3 (營收正成長)"", ""non_op"": ""+5 (低業外)""}",40.21739130434783
4763.TW,材料-KY,55,✅ B級：趨勢改善,58.81,-1.52,False,0,53.12,0.39,True,1,-0.26,0.0,0.0,True,0,"{""base"": 30, ""opm_inflection"": ""+10 (OPM拐點)"", ""ol"": ""0 (OL=-0.26)"", ""gpm_improve"": ""0"", ""opm_improve"": ""+10 (OPM↑)"", ""rev_momentum"": ""0"", ""non_op"": ""+5 (低業外)""}",35.14492753623188
1216.TW,統一,55,✅ B級：趨勢改善,33.49,-0.02,False,0,5.98,0.04,False,2,-2.0,0.0,0.0,True,0,"{""base"": 30, ""opm_consecutive"": ""+10 (OPM連續2季)"", ""ol"": ""0 (OL=-2.00)"", ""gpm_improve"": ""0"", ""opm_improve"": ""+10 (OPM↑)"", ""rev_momentum"": ""0"", ""non_op"": ""+5 (低業外)""}",35.14492753623188
2912.TW,統一超,55,✅ B級：趨勢改善,34.47,-0.54,False,0,4.32,0.06,False,2,-0.11,0.0,0.0,True,0,"{""base"": 30, ""opm_consecutive"": ""+10 (OPM連續2季)"", ""ol"": ""0 (OL=-0.11)"", ""gpm_improve"": ""0"", ""opm_improve"": ""+10 (OPM↑)"", ""rev_momentum"": ""0"", ""non_op"": ""+5 (低業外)""}",35.14492753623188
5269.TW,祥碩,55,✅ B級：趨勢改善,52.58,-2.56,False,0,31.86,1.87,True,1,-0.73,-6.49,0.0,False,0,"{""base"": 30, ""opm_inflection"": ""+10 (OPM拐點)"", ""ol"": ""0 (OL=-0.73)"", ""gpm_improve"": ""0"", ""opm_improve"": ""+10 (OPM↑)"", ""rev_momentum"": ""0"", ""non_op"": ""+5 (低業外)""}",35.14492753623188
9910.TW,豐泰,53,✅ B級：趨勢改善,23.01,-1.16,False,0,9.33,-2.12,False,0,1.83,11.75,0.0,True,0,"{""base"": 30, ""ol"": ""+15 (OL=1.83)"", ""gpm_improve"": ""0"", ""opm_improve"": ""0"", ""rev_momentum"": ""+3 (營收正成長)"", ""non_op"": ""+5 (低業外)""}",24.637681159420293
8046.TW,南電,53,✅ B級：趨勢改善,7.75,-0.27,False,0,3.51,-0.31,False,0,1.15,2.54,0.0,True,0,"{""base"": 30, ""ol"": ""+15 (OL=1.15)"", ""gpm_improve"": ""0"", ""opm_improve"": ""0"", ""rev_momentum"": ""+3 (營收正成長)"", ""non_op"": ""+5 (低業外)""}",24.637681159420293
4536.TW,拓凱,53,✅ B級：趨勢改善,35.99,-1.98,False,0,20.79,-2.41,False,0,1.22,5.42,0.0,True,0,"{""base"": 30, ""ol"": ""+15 (OL=1.22)"", ""gpm_improve"": ""0"", ""opm_improve"": ""0"", ""rev_momentum"": ""+3 (營收正成長)"", ""non_op"": ""+5 (低業外)""}",24.637681159420293
8464.TW,億豐,53,✅ B級：趨勢改善,58.73,-0.5,False,0,29.64,-1.45,False,0,2.9,8.57,0.0,True,0,"{""base"": 30, ""ol"": ""+15 (OL=2.90)"", ""gpm_improve"": ""0"", ""opm_improve"": ""0"", ""rev_momentum"": ""+3 (營收正成長)"", ""non_op"": ""+5 (低業外)""}",24.637681159420293
5871.TW,中租-KY,53,✅ B級：趨勢改善,65.99,-0.22,False,0,27.46,-0.67,False,0,3.05,5.35,0.0,True,0,"{""base"": 30, ""ol"": ""+15 (OL=3.05)"", ""gpm_improve"": ""0"", ""opm_improve"": ""0"", ""rev_momentum"": ""+3 (營收正成長)"", ""non_op"": ""+5 (低業外)""}",24.637681159420293
6213.TW,聯茂,53,✅ B級：趨勢改善,14.57,-1.02,False,0,7.26,-1.62,False,0,1.59,7.33,0.0,True,0,"{""base"": 30, ""ol"": ""+15 (OL=1.59)"", ""gpm_improve"": ""0"", ""opm_improve"": ""0"", ""rev_momentum"": ""+3 (營收正成長)"", ""non_op"": ""+5 (低業外)""}",24.637681159420293
9945.TW,潤泰新,53,✅ B級：趨勢改善,24.69,-0.21,False,0,17.53,-0.93,False,0,4.43,15.49,0.0,True,0,"{""base"": 30, ""ol"": ""+15 (OL=4.43)"", ""gpm_improve"": ""0"", ""opm_improve"": ""0"", ""rev_momentum"": ""+3 (營收正成長)"", ""non_op"": ""+5 (低業外)""}",24.637681159420293
2303.TW,聯電,53,✅ B級：趨勢改善,28.42,-0.3,False,0,18.05,-0.36,False,0,1.2,7.17,0.0,True,0,"{""base"": 30, ""ol"": ""+15 (OL=1.20)"", ""gpm_improve"": ""0"", ""opm_improve"": ""0"", ""rev_momentum"": ""+3 (營收正成長)"", ""non_op"": ""+5 (低業外)""}",24.637681159420293
2393.TW,億光,53,✅ B級：趨勢改善,31.34,-0.75,False,0,13.56,-1.87,False,0,2.49,4.58,0.0,True,0,"{""base"": 30, ""ol"": ""+15 (OL=2.49)"", ""gpm_improve"": ""0"", ""opm_improve"": ""0"", ""rev_momentum"": ""+3 (營收正成長)"", ""non_op"": ""+5 (低業外)""}",24.637681159420293
2377.TW,微星,53,✅ B級：趨勢改善,10.9,-0.21,False,0,2.82,-0.55,False,0,2.62,4.8,0.0,True,0,"{""base"": 30, ""ol"": ""+15 (OL=2.62)"", ""gpm_improve"": ""0"", ""opm_improve"": ""0"", ""rev_momentum"": ""+3 (營收正成長)"", ""non_op"": ""+5 (低業外)""}",24.637681159420293
2618.TW,長榮航,53,✅ B級：趨勢改善,23.62,-1.66,False,0,16.41,-2.42,False,0,1.46,3.77,0.0,True,0,"{""base"": 30, ""ol"": ""+15 (OL=1.46)"", ""gpm_improve"": ""0"", ""opm_improve"": ""0"", ""rev_momentum"": ""+3 (營收正成長)"", ""non_op"": ""+5 (低業外)""}",24.637681159420293
1519.TW,華城,53,✅ B級：趨勢改善,39.62,-0.75,False,0,22.48,-2.24,False,0,2.99,13.77,0.0,True,0,"{""base"": 30, ""ol"": ""+15 (OL=2.99)"", ""gpm_improve"": ""0"", ""opm_improve"": ""0"", ""rev_momentum"": ""+3 (營收正成長)"", ""non_op"": ""+5 (低業外)""}",24.637681159420293
2383.TW,台光電,53,✅ B級：趨勢改善,30.28,-0.06,False,0,20.44,-0.19,False,0,3.17,21.96,0.0,True,0,"{""base"": 30, ""ol"": ""+15 (OL=3.17)"", ""gpm_improve"": ""0"", ""opm_improve"": ""0"", ""rev_momentum"": ""+3 (營收正成長)"", ""non_op"": ""+5 (低業外)""}",24.637681159420293
2395.TW,研華,53,✅ B級：趨勢改善,39.78,-0.21,False,0,16.53,-0.98,False,0,4.67,7.53,0.0,True,0,"{""base"": 30, ""ol"": ""+15 (OL=4.67)"", ""gpm_improve"": ""0"", ""opm_improve"": ""0"", ""rev_momentum"": ""+3 (營收正成長)"", ""non_op"": ""+5 (低業外)""}",24.637681159420293
1590.TW,亞德客-KY,53,✅ B級：趨勢改善,45.42,-0.59,False,0,29.51,-1.0,False,0,1.69,8.82,0.0,True,0,"{""base"": 30, ""ol"": ""+15 (OL=1.69)"", ""gpm_improve"": ""0"", ""opm_improve"": ""0"", ""rev_momentum"": ""+3 (營收正成長)"", ""non_op"": ""+5 (低業外)""}",24.637681159420293
2201.TW,裕隆,53,✅ B級：趨勢改善,33.0,-0.02,False,0,8.41,-0.17,False,0,8.5,2.5,0.0,True,0,"{""base"": 30, ""ol"": ""+15 (OL=8.50)"", ""gpm_improve"": ""0"", ""opm_improve"": ""0"", ""rev_momentum"": ""+3 (營收正成長)"", ""non_op"": ""+5 (低業外)""}",24.637681159420293
2204.TW,中華,53,✅ B級：趨勢改善,16.88,-0.38,False,0,3.92,-1.38,False,0,3.63,3.97,0.0,True,0,"{""base"": 30, ""ol"": ""+15 (OL=3.63)"", ""gpm_improve"": ""0"", ""opm_improve"": ""0"", ""rev_momentum"": ""+3 (營收正成長)"", ""non_op"": ""+5 (低業外)""}",24.637681159420293
2206.TW,三陽工業,53,✅ B級：趨勢改善,21.49,-0.29,False,0,9.85,-0.76,False,0,2.62,4.26,0.0,True,0,"{""base"": 30, ""ol"": ""+15 (OL=2.62)"", ""gpm_improve"": ""0"", ""opm_improve"": ""0"", ""rev_momentum"": ""+3 (營收正成長)"", ""non_op"": ""+5 (低業外)""}",24.637681159420293
1303.TW,南亞,53,✅ B級：趨勢改善,7.99,-0.65,False,0,1.21,-0.77,False,0,1.18,4.24,0.0,True,0,"{""base"": 30, ""ol"": ""+15 (OL=1.18)"", ""gpm_improve"": ""0"", ""opm_improve"": ""0"", ""rev_momentum"": ""+3 (營收正成長)"", ""non_op"": ""+5 (低業外)""}",24.637681159420293
2449.TW,京元電子,53,✅ B級：趨勢改善,35.12,-0.42,False,0,24.8,-1.22,False,0,2.9,7.18,0.0,True,0,"{""base"": 30, ""ol"": ""+15 (OL=2.90)"", ""gpm_improve"": ""0"", ""opm_improve"": ""0"", ""rev_momentum"": ""+3 (營收正成長)"", ""non_op"": ""+5 (低業外)""}",24.637681159420293
2492.TW,華新科,53,✅ B級：趨勢改善,16.96,-0.03,False,0,5.59,-0.22,False,0,7.33,7.71,0.0,True,0,"{""base"": 30, ""ol"": ""+15 (OL=7.33)"", ""gpm_improve"": ""0"", ""opm_improve"": ""0"", ""rev_momentum"": ""+3 (營收正成長)"", ""non_op"": ""+5 (低業外)""}",24.637681159420293
2454.TW,聯發科,53,✅ B級：趨勢改善,47.96,-1.17,False,0,18.31,-1.23,False,0,1.05,11.45,0.0,True,0,"{""base"": 30, ""ol"": ""+15 (OL=1.05)"", ""gpm_improve"": ""0"", ""opm_improve"": ""0"", ""rev_momentum"": ""+3 (營收正成長)"", ""non_op"": ""+5 (低業外)""}",24.637681159420293
2610.TW,華航,53,✅ B級：趨勢改善,17.71,-0.96,False,0,10.17,-1.16,False,0,1.21,2.17,0.0,True,0,"{""base"": 30, ""ol"": ""+15 (OL=1.21)"", ""gpm_improve"": ""0"", ""opm_improve"": ""0"", ""rev_momentum"": ""+3 (營收正成長)"", ""non_op"": ""+5 (低業外)""}",24.637681159420293
3005.TW,神基,53,✅ B級：趨勢改善,32.08,-1.5,False,0,16.19,-1.82,False,0,1.21,12.39,0.0,True,0,"{""base"": 30, ""ol"": ""+15 (OL=1.21)"", ""gpm_improve"": ""0"", ""opm_improve"": ""0"", ""rev_momentum"": ""+3 (營收正成長)"", ""non_op"": ""+5 (低業外)""}",24.637681159420293
3044.TW,健鼎,53,✅ B級：趨勢改善,26.02,-0.19,False,0,17.77,-0.24,False,0,1.26,10.89,0.0,True,0,"{""base"": 30, ""ol"": ""+15 (OL=1.26)"", ""gpm_improve"": ""0"", ""opm_improve"": ""0"", ""rev_momentum"": ""+3 (營收正成長)"", ""non_op"": ""+5 (低業外)""}",24.637681159420293
2409.TW,友達,50,✅ B級：趨勢改善,11.75,-1.77,False,0,0.4,-1.77,False,0,1.0,-0.03,0.0,False,0,"{""base"": 30, ""ol"": ""+15 (OL=1.00)"", ""gpm_improve"": ""0"", ""opm_improve"": ""0"", ""rev_momentum"": ""0"", ""non_op"": ""+5 (低業外)""}",13.768115942028986
2607.TW,榮運,50,✅ B級：趨勢改善,22.64,-0.33,False,0,13.7,-0.49,False,0,1.48,-12.79,0.0,False,0,"{""base"": 30, ""ol"": ""+15 (OL=1.48)"", ""gpm_improve"": ""0"", ""opm_improve"": ""0"", ""rev_momentum"": ""0"", ""non_op"": ""+5 (低業外)""}",13.768115942028986
2327.TW,國巨,50,✅ B級：趨勢改善,35.8,-0.39,False,0,21.73,-1.13,False,0,2.9,0.0,0.0,True,0,"{""base"": 30, ""ol"": ""+15 (OL=2.90)"", ""gpm_improve"": ""0"", ""opm_improve"": ""0"", ""rev_momentum"": ""0"", ""non_op"": ""+5 (低業外)""}",13.768115942028986
3587.TW,閎康,50,✅ B級：趨勢改善,27.97,-3.38,False,0,9.88,-4.73,False,0,1.4,0.0,0.0,True,0,"{""base"": 30, ""ol"": ""+15 (OL=1.40)"", ""gpm_improve"": ""0"", ""opm_improve"": ""0"", ""rev_momentum"": ""0"", ""non_op"": ""+5 (低業外)""}",13.768115942028986
3017.TW,奇鋐,50,✅ B級：趨勢改善,25.5,-0.62,False,0,19.09,-1.68,False,0,2.71,0.0,0.0,True,0,"{""base"": 30, ""ol"": ""+15 (OL=2.71)"", ""gpm_improve"": ""0"", ""opm_improve"": ""0"", ""rev_momentum"": ""0"", ""non_op"": ""+5 (低業外)""}",13.768115942028986
8454.TW,富邦媒,48,🔍 C級：觀察中,8.98,-0.2,False,0,2.86,-0.11,False,0,0.55,6.91,0.0,True,0,"{""base"": 30, ""ol"": ""+10 (OL=0.55)"", ""gpm_improve"": ""0"", ""opm_improve"": ""0"", ""rev_momentum"": ""+3 (營收正成長)"", ""non_op"": ""+5 (低業外)""}",8.695652173913043
8227.TW,巨有科技,48,🔍 C級：觀察中,21.22,-5.09,False,0,8.68,-4.12,False,0,0.81,4.7,0.0,True,0,"{""base"": 30, ""ol"": ""+10 (OL=0.81)"", ""gpm_improve"": ""0"", ""opm_improve"": ""0"", ""rev_momentum"": ""+3 (營收正成長)"", ""non_op"": ""+5 (低業外)""}",8.695652173913043
3481.TW,群創,48,🔍 C級：觀察中,7.95,-0.43,False,0,-1.76,-0.38,False,0,0.88,2.2,0.0,True,0,"{""base"": 30, ""ol"": ""+10 (OL=0.88)"", ""gpm_improve"": ""0"", ""opm_improve"": ""0"", ""rev_momentum"": ""+3 (營收正成長)"", ""non_op"": ""+5 (低業外)""}",8.695652173913043
1102.TW,亞泥,48,🔍 C級：觀察中,16.43,-1.64,False,0,12.43,-1.48,False,0,0.9,5.44,0.0,True,0,"{""base"": 30, ""ol"": ""+10 (OL=0.90)"", ""gpm_improve"": ""0"", ""opm_improve"": ""0"", ""rev_momentum"": ""+3 (營收正成長)"", ""non_op"": ""+5 (低業外)""}",8.695652173913043
1722.TW,台肥,48,🔍 C級：觀察中,12.45,-4.67,False,0,2.98,-3.92,False,0,0.84,1.59,0.0,True,0,"{""base"": 30, ""ol"": ""+10 (OL=0.84)"", ""gpm_improve"": ""0"", ""opm_improve"": ""0"", ""rev_momentum"": ""+3 (營收正成長)"", ""non_op"": ""+5 (低業外)""}",8.695652173913043
2360.TW,致茂,48,🔍 C級：觀察中,61.87,-3.57,False,0,31.47,-2.57,False,0,0.72,22.76,0.0,True,0,"{""base"": 30, ""ol"": ""+10 (OL=0.72)"", ""gpm_improve"": ""0"", ""opm_improve"": ""0"", ""rev_momentum"": ""+3 (營收正成長)"", ""non_op"": ""+5 (低業外)""}",8.695652173913043
4904.TW,遠傳,48,🔍 C級：觀察中,31.62,-0.46,False,0,16.36,-0.32,False,0,0.7,4.12,0.0,True,0,"{""base"": 30, ""ol"": ""+10 (OL=0.70)"", ""gpm_improve"": ""0"", ""opm_improve"": ""0"", ""rev_momentum"": ""+3 (營收正成長)"", ""non_op"": ""+5 (低業外)""}",8.695652173913043
3023.TW,信邦,48,🔍 C級：觀察中,24.1,-0.61,False,0,10.94,-0.32,False,0,0.52,7.28,0.0,True,0,"{""base"": 30, ""ol"": ""+10 (OL=0.52)"", ""gpm_improve"": ""0"", ""opm_improve"": ""0"", ""rev_momentum"": ""+3 (營收正成長)"", ""non_op"": ""+5 (低業外)""}",8.695652173913043
1609.TW,大亞,48,🔍 C級：觀察中,14.11,-0.8,False,0,8.8,-0.79,False,0,0.99,3.5,0.0,True,0,"{""base"": 30, ""ol"": ""+10 (OL=0.99)"", ""gpm_improve"": ""0"", ""opm_improve"": ""0"", ""rev_momentum"": ""+3 (營收正成長)"", ""non_op"": ""+5 (低業外)""}",8.695652173913043
3045.TW,台灣大,43,🔍 C級：觀察中,20.96,-0.12,False,0,10.88,-0.01,False,0,0.08,4.06,0.0,True,0,"{""base"": 30, ""ol"": ""+5 (OL=0.08)"", ""gpm_improve"": ""0"", ""opm_improve"": ""0"", ""rev_momentum"": ""+3 (營收正成長)"", ""non_op"": ""+5 (低業外)""}",3.260869565217391
2324.TW,仁寶,43,🔍 C級：觀察中,5.58,-0.29,False,0,1.41,-0.04,False,0,0.14,4.65,0.0,True,0,"{""base"": 30, ""ol"": ""+5 (OL=0.14)"", ""gpm_improve"": ""0"", ""opm_improve"": ""0"", ""rev_momentum"": ""+3 (營收正成長)"", ""non_op"": ""+5 (低業外)""}",3.260869565217391
2308.TW,台達電,43,🔍 C級：觀察中,34.14,-1.37,False,0,14.62,-0.43,False,0,0.31,12.5,0.0,True,0,"{""base"": 30, ""ol"": ""+5 (OL=0.31)"", ""gpm_improve"": ""0"", ""opm_improve"": ""0"", ""rev_momentum"": ""+3 (營收正成長)"", ""non_op"": ""+5 (低業外)""}",3.260869565217391
3036.TW,文曄,43,🔍 C級：觀察中,4.17,-0.15,False,0,1.78,-0.02,False,0,0.13,13.24,0.0,True,0,"{""base"": 30, ""ol"": ""+5 (OL=0.13)"", ""gpm_improve"": ""0"", ""opm_improve"": ""0"", ""rev_momentum"": ""+3 (營收正成長)"", ""non_op"": ""+5 (低業外)""}",3.260869565217391
9921.TW,巨大,43,🔍 C級：觀察中,19.84,-0.6,False,0,2.63,-0.15,False,0,0.25,4.25,0.0,True,0,"{""base"": 30, ""ol"": ""+5 (OL=0.25)"", ""gpm_improve"": ""0"", ""opm_improve"": ""0"", ""rev_momentum"": ""+3 (營收正成長)"", ""non_op"": ""+5 (低業外)""}",3.260869565217391
1503.TW,士電,43,🔍 C級：觀察中,22.19,-0.67,False,0,13.16,-0.07,False,0,0.1,0.69,0.0,True,0,"{""base"": 30, ""ol"": ""+5 (OL=0.10)"", ""gpm_improve"": ""0"", ""opm_improve"": ""0"", ""rev_momentum"": ""+3 (營收正成長)"", ""non_op"": ""+5 (低業外)""}",3.260869565217391
2317.TW,鴻海,38,ℹ️  D級：尚無明顯訊號,6.27,-0.06,False,0,3.16,0.0,False,0,-0.0,11.66,0.0,True,0,"{""base"": 30, ""ol"": ""0 (OL=-0.00)"", ""gpm_improve"": ""0"", ""opm_improve"": ""0"", ""rev_momentum"": ""+3 (營收正成長)"", ""non_op"": ""+5 (低業外)""}",0.7246376811594203
